batch_idx,t_mono,n_in_batch,n_real,n_active,active_mask,timeout_us,mux_batch,compute_ms,e2e_ms,total_dets,new_ids_cum,dets_cam0,dets_cam1,dets_cam2,dets_cam3,drops_cum,arrivals_cum
0,1.7386,1,1,4,1111,66700,4,1149.147,1224.420,0,0,0,0,0,0,0,48
1,1.7392,1,1,4,1111,66700,4,1074.388,1222.391,0,0,0,0,0,0,0,48
2,1.7393,1,1,4,1111,66700,4,999.258,1220.704,0,0,0,0,0,0,0,48
3,1.7394,1,1,4,1111,66700,4,924.103,1217.867,0,0,0,0,0,0,0,48
4,1.7394,1,1,4,1111,66700,4,848.966,1204.709,0,0,0,0,0,0,0,48
5,1.7400,2,2,4,1111,66700,4,774.379,1173.271,1,1,1,0,0,0,0,48
6,1.7402,2,2,4,1111,66700,4,701.998,1141.390,0,1,0,0,0,0,0,48
7,1.7403,2,2,4,1111,66700,4,629.773,1074.687,0,1,0,0,0,0,0,48
8,1.7403,2,2,4,1111,66700,4,554.689,1000.267,0,1,0,0,0,0,0,48
9,1.7404,2,2,4,1111,66700,4,479.555,925.121,0,1,0,0,0,0,0,48
10,1.7405,2,2,4,1111,66700,4,404.403,849.461,0,1,0,0,0,0,0,48
11,1.7406,2,2,4,1111,66700,4,329.278,774.879,0,1,0,0,0,0,0,48
12,1.7416,3,3,4,1111,66700,4,255.628,703.407,1,2,0,0,0,1,0,48
13,1.7417,3,3,4,1111,66700,4,180.553,631.198,1,2,0,0,0,1,0,48
14,1.7418,3,3,4,1111,66700,4,105.463,556.140,1,2,0,0,0,1,0,48
15,1.7419,3,3,4,1111,66700,4,31.796,481.044,1,2,0,0,0,1,0,48
16,1.8076,3,3,4,1111,66700,4,22.333,471.522,1,2,0,0,0,1,0,52
17,1.8833,3,3,4,1111,66700,4,22.695,471.978,1,2,0,0,0,1,0,55
18,1.9583,3,3,4,1111,66700,4,22.422,472.321,1,2,0,0,0,1,0,58
19,2.0336,3,3,4,1111,66700,4,22.489,472.467,1,2,0,0,0,1,0,61
20,2.1071,4,4,4,1111,66700,4,53.870,470.745,1,2,0,0,0,1,0,69
21,2.1151,4,4,4,1111,66700,4,29.888,404.939,1,2,0,0,0,1,0,70
22,2.1457,4,4,4,1111,66700,4,28.455,360.390,1,2,0,0,0,1,0,74
23,2.1777,4,4,4,1111,66700,4,28.427,317.067,1,2,0,0,0,1,0,78
24,2.2096,4,4,4,1111,66700,4,28.305,273.705,1,2,0,0,0,1,0,82
25,2.2419,4,4,4,1111,66700,4,28.567,230.685,1,2,0,0,0,1,0,86
26,2.3173,4,4,4,1111,66700,4,71.887,264.062,1,2,0,0,0,1,0,97
27,2.3559,4,4,4,1111,66700,4,78.507,270.720,2,2,1,0,0,1,0,101
28,2.3575,4,4,4,1111,66700,4,48.047,240.258,2,2,1,0,0,1,0,101
29,2.3819,4,4,4,1111,66700,4,40.410,232.638,2,2,1,0,0,1,0,101
30,2.4398,3,3,4,1111,66700,4,22.992,258.458,2,2,1,0,0,1,0,108
31,2.5055,4,4,4,1111,66700,4,67.818,292.156,2,3,0,0,1,1,0,115
32,2.5076,4,4,4,1111,66700,4,37.981,262.185,2,3,0,0,1,1,0,116
33,2.5328,4,4,4,1111,66700,4,31.146,255.369,2,3,0,0,1,1,0,117
34,2.5620,4,4,4,1111,66700,4,28.337,252.547,2,3,0,0,1,1,0,121
35,2.5939,4,4,4,1111,66700,4,28.224,252.351,2,3,0,0,1,1,0,125
36,2.6259,4,4,4,1111,66700,4,28.263,209.140,2,3,0,0,1,1,0,129
37,2.6581,4,4,4,1111,66700,4,28.352,220.446,1,3,0,0,0,1,0,133
38,2.6951,4,4,4,1111,66700,4,33.349,225.419,1,3,0,0,0,1,0,140
39,2.7221,4,4,4,1111,66700,4,28.358,220.438,2,3,0,0,1,1,0,141
40,2.7541,4,4,4,1111,66700,4,28.319,220.416,1,3,0,0,0,1,0,145
41,2.7862,4,4,4,1111,66700,4,28.396,220.556,2,3,0,0,1,1,0,149
42,2.8182,4,4,4,1111,66700,4,28.323,220.495,2,3,1,0,0,1,0,153
43,2.8880,4,4,4,1111,66700,4,66.079,258.207,3,3,1,0,1,1,0,164
44,2.8907,4,4,4,1111,66700,4,36.760,228.911,2,3,1,0,0,1,0,164
45,2.9158,4,4,4,1111,66700,4,29.836,222.010,2,3,1,0,0,1,0,165
46,2.9466,4,4,4,1111,66700,4,28.517,220.782,2,3,1,0,0,1,0,169
47,2.9783,4,4,4,1111,66700,4,28.402,220.462,3,3,1,0,1,1,0,173
48,3.0104,4,4,4,1111,66700,4,28.332,220.516,2,3,1,0,0,1,0,177
49,3.0425,4,4,4,1111,66700,4,28.501,220.619,3,3,1,0,1,1,0,181
50,3.1079,4,4,4,1111,66700,4,61.714,253.941,2,3,1,0,0,1,0,189
51,3.1096,4,4,4,1111,66700,4,31.483,223.644,2,3,1,0,0,1,0,189
52,3.1385,4,4,4,1111,66700,4,28.286,220.348,2,3,1,0,0,1,0,193
53,3.1708,4,4,4,1111,66700,4,28.596,220.882,3,3,1,0,1,1,0,197
54,3.2027,4,4,4,1111,66700,4,28.426,220.595,2,3,1,0,0,1,0,201
55,3.2347,4,4,4,1111,66700,4,28.410,220.607,2,3,1,0,0,1,0,205
56,3.3071,4,4,4,1111,66700,4,68.725,260.881,3,3,1,0,1,1,0,216
57,3.3378,4,4,4,1111,66700,4,67.476,259.670,3,3,1,0,1,1,0,220
58,3.3709,4,4,4,1111,66700,4,68.520,260.698,2,3,1,0,0,1,0,224
59,3.3723,4,4,4,1111,66700,4,37.868,230.086,2,3,1,0,0,1,0,224
60,3.3976,4,4,4,1111,66700,4,31.176,223.311,2,3,1,0,0,1,0,225
61,3.4264,4,4,4,1111,66700,4,27.995,220.168,2,3,1,0,0,1,0,229
62,3.4587,4,4,4,1111,66700,4,28.193,220.340,2,3,1,0,0,1,0,233
63,3.4994,4,4,4,1111,66700,4,36.832,229.030,2,3,1,0,0,1,0,240
64,3.5224,4,4,4,1111,66700,4,27.883,220.035,3,4,1,1,0,1,0,241
65,3.5552,4,4,4,1111,66700,4,28.552,220.731,3,4,1,1,0,1,0,245
66,3.5871,4,4,4,1111,66700,4,28.500,220.699,3,4,1,1,0,1,0,249
67,3.6191,4,4,4,1111,66700,4,28.515,220.628,4,5,1,1,1,1,0,253
68,3.6510,4,4,4,1111,66700,4,28.369,220.495,4,5,1,1,1,1,0,257
69,3.6880,4,4,4,1111,66700,4,33.371,225.448,4,5,1,1,1,1,0,264
70,3.7153,4,4,4,1111,66700,4,28.547,220.690,3,5,1,1,0,1,0,265
71,3.7472,4,4,4,1111,66700,4,28.484,220.587,4,5,1,1,1,1,0,269
72,3.7792,4,4,4,1111,66700,4,28.432,220.554,4,5,1,1,1,1,0,272
73,3.8483,3,3,4,1111,66700,4,22.287,257.681,3,5,1,1,0,1,0,279
74,3.8795,4,4,4,1111,66700,4,32.636,256.797,3,5,1,1,0,1,0,283
75,3.9074,4,4,4,1111,66700,4,28.500,252.696,3,5,1,1,0,1,0,284
76,3.9394,4,4,4,1111,66700,4,28.515,252.692,3,5,1,1,0,1,0,288
77,3.9714,4,4,4,1111,66700,4,28.443,252.608,2,5,0,1,0,1,0,292
78,4.0033,4,4,4,1111,66700,4,28.341,252.524,2,5,0,1,0,1,0,296
79,4.0355,4,4,4,1111,66700,4,28.472,209.442,2,5,0,1,0,1,0,300
80,4.1072,4,4,4,1111,66700,4,68.098,260.310,2,5,0,1,0,1,0,311
81,4.1087,4,4,4,1111,66700,4,37.653,229.861,2,5,0,1,0,1,0,311
82,4.1338,4,4,4,1111,66700,4,30.802,222.923,2,5,0,1,0,1,0,312
83,4.1637,4,4,4,1111,66700,4,28.580,220.735,2,5,0,1,0,1,0,316
84,4.1955,4,4,4,1111,66700,4,28.342,220.514,3,5,1,1,0,1,0,320
85,4.2276,4,4,4,1111,66700,4,28.446,220.583,3,5,1,1,0,1,0,324
86,4.2993,4,4,4,1111,66700,4,68.008,260.161,3,5,1,1,0,1,0,335
87,4.3013,4,4,4,1111,66700,4,38.040,230.186,4,5,1,1,1,1,0,335
88,4.3676,4,4,4,1111,66700,4,72.326,264.555,3,5,0,1,1,1,0,343
89,4.3693,4,4,4,1111,66700,4,41.941,234.125,3,5,1,1,0,1,0,343
90,4.3944,4,4,4,1111,66700,4,35.020,227.167,3,5,1,1,0,1,0,347
91,4.4196,4,4,4,1111,66700,4,28.256,220.458,3,5,1,1,0,1,0,348
92,4.4520,4,4,4,1111,66700,4,28.616,220.739,2,5,1,0,0,1,0,352
93,4.5232,4,4,4,1111,66700,4,67.763,259.904,1,5,0,0,0,1,0,363
94,4.5260,4,4,4,1111,66700,4,38.494,230.638,2,5,1,0,0,1,0,363
95,4.5509,4,4,4,1111,66700,4,31.442,223.594,2,5,1,0,0,1,0,364
96,4.5800,4,4,4,1111,66700,4,28.481,220.646,2,6,0,1,0,1,0,368
97,4.6119,4,4,4,1111,66700,4,28.386,220.539,3,6,1,1,0,1,0,372
98,4.6441,4,4,4,1111,66700,4,28.508,220.625,2,6,0,1,0,1,0,376
99,4.7102,4,4,4,1111,66700,4,62.618,254.780,3,6,1,1,0,1,0,384
100,4.7179,4,4,4,1111,66700,4,38.328,230.454,3,6,1,1,0,1,0,387
101,4.7401,4,4,4,1111,66700,4,28.448,220.607,3,6,1,1,0,1,0,388
102,4.7717,4,4,4,1111,66700,4,28.004,220.216,3,6,1,1,0,1,0,392
103,4.8035,4,4,4,1111,66700,4,27.854,219.989,3,6,1,1,0,1,0,396
104,4.8355,4,4,4,1111,66700,4,27.791,219.930,2,6,1,0,0,1,0,400
105,4.8679,4,4,4,1111,66700,4,28.109,220.225,2,6,1,0,0,1,0,404
106,4.9049,4,4,4,1111,66700,4,33.138,225.270,2,6,1,0,0,1,0,411
107,4.9324,4,4,4,1111,66700,4,28.630,220.680,1,6,0,0,0,1,0,412
108,4.9643,4,4,4,1111,66700,4,28.435,220.523,2,6,1,0,0,1,0,416
109,4.9964,4,4,4,1111,66700,4,28.486,220.656,2,6,1,0,0,1,0,420
110,5.0283,4,4,4,1111,66700,4,28.404,220.559,2,6,1,0,0,1,0,424
111,5.0602,4,4,4,1111,66700,4,28.273,220.411,2,6,1,0,0,1,0,428
112,5.0966,4,4,4,1111,66700,4,32.717,224.845,2,6,1,0,0,1,0,434
113,5.1246,4,4,4,1111,66700,4,28.614,220.792,3,6,1,1,0,1,0,436
114,5.1564,4,4,4,1111,66700,4,28.408,220.516,2,6,1,0,0,1,0,440
115,5.1885,4,4,4,1111,66700,4,28.439,220.582,3,6,1,1,0,1,0,443
116,5.2580,3,3,4,1111,66700,4,22.677,258.053,3,6,1,1,0,1,0,450
117,5.3423,4,4,4,1111,66700,4,86.094,310.334,2,6,1,0,0,1,0,458
118,5.3544,4,4,4,1111,66700,4,66.194,290.499,3,6,1,1,0,1,0,462
119,5.3889,4,4,4,1111,66700,4,68.651,292.942,2,6,0,1,0,1,0,466
120,5.3904,4,4,4,1111,66700,4,38.227,262.434,2,6,0,1,0,1,0,466
121,5.4159,4,4,4,1111,66700,4,31.720,255.877,2,6,0,1,0,1,0,467
122,5.4447,4,4,4,1111,66700,4,28.416,209.407,2,6,0,1,0,1,0,471
123,5.4771,4,4,4,1111,66700,4,28.686,220.874,2,6,0,1,0,1,0,475
124,5.5169,4,4,4,1111,66700,4,36.456,228.622,3,6,1,1,0,1,0,482
125,5.5442,4,4,4,1111,66700,4,31.780,223.981,3,6,1,1,0,1,0,483
126,5.5729,4,4,4,1111,66700,4,28.317,220.646,2,6,0,1,0,1,0,487
127,5.6050,4,4,4,1111,66700,4,28.446,220.724,3,6,1,1,0,1,0,491
128,5.6370,4,4,4,1111,66700,4,28.549,220.697,3,6,1,1,0,1,0,495
129,5.6948,4,4,4,1111,66700,4,54.331,246.433,3,6,1,1,0,1,0,502
130,5.7189,4,4,4,1111,66700,4,46.390,238.481,3,6,1,1,0,1,0,506
131,5.7336,4,4,4,1111,66700,4,29.021,221.061,4,7,1,2,0,1,0,507
132,5.7651,4,4,4,1111,66700,4,28.533,220.519,3,7,1,1,0,1,0,511
133,5.7971,4,4,4,1111,66700,4,28.526,220.609,3,7,0,2,0,1,0,515
134,5.8291,4,4,4,1111,66700,4,28.463,220.630,3,7,0,2,0,1,0,519
135,5.8612,4,4,4,1111,66700,4,28.533,220.655,2,7,0,1,0,1,0,523
136,5.9288,4,4,4,1111,66700,4,64.122,256.299,2,7,0,1,0,1,0,533
137,5.9306,4,4,4,1111,66700,4,33.877,226.039,3,7,0,2,0,1,0,534
138,5.9576,4,4,4,1111,66700,4,28.872,221.043,2,7,0,1,0,1,0,535
139,5.9894,4,4,4,1111,66700,4,28.568,220.704,2,7,0,1,0,1,0,539
140,6.0213,4,4,4,1111,66700,4,28.498,220.672,3,7,0,2,0,1,0,543
141,6.0532,4,4,4,1111,66700,4,28.342,220.510,3,7,0,2,0,1,0,547
142,6.0893,4,4,4,1111,66700,4,32.451,224.525,4,7,1,2,0,1,0,552
143,6.1173,4,4,4,1111,66700,4,28.511,220.583,4,7,1,2,0,1,0,555
144,6.1495,4,4,4,1111,66700,4,28.544,220.703,5,8,1,2,1,1,0,559
145,6.1815,4,4,4,1111,66700,4,28.538,220.708,5,8,1,2,1,1,0,563
146,6.2133,4,4,4,1111,66700,4,28.393,220.467,5,8,1,2,1,1,0,567
147,6.2454,4,4,4,1111,66700,4,28.432,220.545,6,9,1,2,2,1,0,571
148,6.2775,4,4,4,1111,66700,4,28.428,220.611,5,9,0,2,2,1,0,575
149,6.3411,4,4,4,1111,66700,4,59.994,252.253,5,9,0,2,2,1,0,583
150,6.3668,4,4,4,1111,66700,4,53.731,245.864,4,9,0,1,2,1,0,585
151,6.3763,4,4,4,1111,66700,4,31.185,223.292,4,9,0,1,2,1,0,586
152,6.4054,4,4,4,1111,66700,4,28.313,220.469,4,9,0,1,2,1,0,590
153,6.4376,4,4,4,1111,66700,4,28.513,220.628,4,9,0,1,2,1,0,594
154,6.4700,4,4,4,1111,66700,4,28.813,220.944,3,9,0,1,1,1,0,598
155,6.5400,4,4,4,1111,66700,4,66.700,258.886,3,9,0,1,1,1,0,607
156,6.5416,4,4,4,1111,66700,4,36.363,228.519,2,9,0,1,0,1,0,607
157,6.5668,4,4,4,1111,66700,4,29.501,220.336,2,9,0,1,0,1,0,610
158,6.5981,4,4,4,1111,66700,4,28.790,219.670,2,9,0,1,0,1,0,612
159,6.6927,3,3,4,1111,66700,4,48.038,282.189,2,9,0,1,0,1,0,621
160,6.7288,4,4,4,1111,66700,4,63.455,286.343,2,9,0,1,0,1,0,625
161,6.7305,4,4,4,1111,66700,4,33.021,255.939,1,9,0,0,0,1,0,626
162,6.7581,4,4,4,1111,66700,4,28.588,251.533,3,9,0,1,1,1,0,629
163,6.7900,4,4,4,1111,66700,4,28.445,251.355,1,9,0,0,0,1,0,633
164,6.8219,4,4,4,1111,66700,4,28.370,235.195,1,9,0,0,0,1,0,637
165,6.8541,4,4,4,1111,66700,4,28.586,209.456,2,10,0,1,1,0,0,641
166,6.9256,4,4,4,1111,66700,4,67.932,260.137,2,10,0,1,1,0,0,651
167,6.9270,4,4,4,1111,66700,4,37.395,229.483,2,10,0,1,1,0,0,651
168,6.9521,4,4,4,1111,66700,4,30.529,222.617,1,10,0,1,0,0,0,653
169,6.9823,4,4,4,1111,66700,4,28.569,220.732,1,10,0,1,0,0,0,657
170,7.0141,4,4,4,1111,66700,4,28.340,220.587,1,10,0,1,0,0,0,661
171,7.0461,4,4,4,1111,66700,4,28.445,220.595,3,10,0,1,2,0,0,665
172,7.1173,4,4,4,1111,66700,4,67.511,259.625,2,10,0,1,1,0,0,675
173,7.1190,4,4,4,1111,66700,4,37.235,229.367,2,10,0,1,1,0,0,675
174,7.1447,4,4,4,1111,66700,4,30.945,223.056,3,10,0,1,2,0,0,677
175,7.1743,4,4,4,1111,66700,4,28.418,220.541,3,10,0,1,2,0,0,681
176,7.2062,4,4,4,1111,66700,4,28.378,220.433,3,10,0,1,1,1,0,685
177,7.2381,4,4,4,1111,66700,4,28.263,220.411,4,10,0,1,2,1,0,689
178,7.2701,4,4,4,1111,66700,4,28.264,220.348,4,10,0,1,2,1,0,693
179,7.3073,4,4,4,1111,66700,4,33.340,225.508,3,10,0,1,1,1,0,698
180,7.3702,4,4,4,1111,66700,4,64.146,256.402,3,10,0,1,2,0,0,706
181,7.3716,4,4,4,1111,66700,4,33.601,225.748,3,10,0,1,2,0,0,707
182,7.3983,4,4,4,1111,66700,4,28.278,220.448,3,10,0,1,2,0,0,709
183,7.4305,4,4,4,1111,66700,4,28.484,220.646,4,10,0,1,2,1,0,712
184,7.4631,4,4,4,1111,66700,4,28.932,221.172,2,10,0,1,1,0,0,716
185,7.5153,4,4,4,1111,66700,4,57.560,241.370,2,10,0,1,0,1,0,723
186,7.5368,4,4,4,1111,66700,4,47.105,230.801,1,10,0,1,0,0,0,725
187,7.5511,4,4,4,1111,66700,4,29.312,213.053,1,10,0,1,0,0,0,727
188,7.5822,4,4,4,1111,66700,4,28.388,212.155,3,10,0,1,1,1,0,731
189,7.6143,4,4,4,1111,66700,4,28.428,199.804,3,10,0,1,2,0,0,735
190,7.6464,4,4,4,1111,66700,4,28.571,199.926,1,10,0,1,0,0,0,739
191,7.7095,4,4,4,1111,66700,4,59.616,230.947,3,10,0,1,1,1,0,747
192,7.7316,4,4,4,1111,66700,4,49.706,221.044,2,10,0,1,1,0,0,749
193,7.7433,4,4,4,1111,66700,4,29.335,200.662,2,10,0,1,1,0,0,750
194,7.7739,4,4,4,1111,66700,4,27.875,199.212,2,10,0,1,1,0,0,753
195,7.8059,4,4,4,1111,66700,4,27.913,199.236,2,10,0,1,1,0,0,757
196,7.8466,4,4,4,1111,66700,4,28.147,207.812,2,10,0,1,1,0,0,762
197,7.9124,4,4,4,1111,66700,4,61.828,241.571,2,10,0,1,1,0,0,770
198,7.9468,4,4,4,1111,66700,4,64.344,243.991,2,10,0,1,1,0,0,774
199,7.9486,4,4,4,1111,66700,4,34.036,192.737,2,10,0,1,1,0,0,775
200,7.9752,4,4,4,1111,66700,4,28.684,187.285,2,10,0,1,1,0,0,778
201,8.0071,4,4,4,1111,66700,4,28.422,187.160,2,10,0,1,1,0,0,780
202,8.1060,3,3,4,1111,66700,4,53.263,254.016,1,10,0,1,0,0,0,790
203,8.1373,4,4,4,1111,66700,4,62.538,253.263,2,10,0,1,1,0,0,794
204,8.1387,4,4,4,1111,66700,4,31.986,222.628,3,10,0,1,1,1,0,794
205,8.1671,4,4,4,1111,66700,4,28.370,218.993,3,10,0,1,1,1,0,798
206,8.1991,4,4,4,1111,66700,4,28.372,203.491,3,10,0,1,1,1,0,802
207,8.2311,4,4,4,1111,66700,4,28.302,203.434,3,10,0,1,1,1,0,806
208,8.2633,4,4,4,1111,66700,4,28.482,203.499,2,10,0,1,1,0,0,810
209,8.3571,4,4,4,1111,66700,4,90.309,265.458,3,10,0,1,1,1,0,822
210,8.3726,4,4,4,1111,66700,4,73.731,248.887,2,10,0,1,1,0,0,823
211,8.3740,4,4,4,1111,66700,4,43.133,218.336,2,10,0,1,1,0,0,823
212,8.4029,4,4,4,1111,66700,4,40.002,215.181,3,10,0,1,1,1,0,827
213,8.4231,4,4,4,1111,66700,4,28.116,203.331,2,10,0,1,1,0,0,830
214,8.4586,4,4,4,1111,66700,4,31.637,206.797,2,10,0,1,1,0,0,834
215,8.5166,4,4,4,1111,66700,4,57.541,232.794,2,10,0,1,0,1,0,842
216,8.5268,4,4,4,1111,66700,4,35.684,211.016,2,10,0,1,0,1,0,843
217,8.5519,4,4,4,1111,66700,4,28.820,204.048,2,10,0,1,0,1,0,846
218,8.5835,4,4,4,1111,66700,4,28.390,203.594,1,10,0,1,0,0,0,850
219,8.6156,4,4,4,1111,66700,4,28.446,203.687,1,10,0,1,0,0,0,854
220,8.6474,4,4,4,1111,66700,4,28.298,203.509,1,10,0,1,0,0,0,858
221,8.6797,4,4,4,1111,66700,4,28.558,203.740,1,10,0,0,0,1,0,862
222,8.7166,4,4,4,1111,66700,4,33.381,208.601,2,11,0,0,1,1,0,866
223,8.7438,4,4,4,1111,66700,4,28.592,203.816,3,11,0,1,1,1,0,870
224,8.7756,4,4,4,1111,66700,4,28.382,203.656,2,11,0,1,1,0,0,874
225,8.8076,4,4,4,1111,66700,4,28.328,203.598,2,11,0,1,1,0,0,877
226,8.8398,4,4,4,1111,66700,4,28.523,203.773,2,11,0,1,1,0,0,880
227,8.9021,4,4,4,1111,66700,4,58.690,234.013,2,11,0,1,1,0,0,888
228,8.9203,4,4,4,1111,66700,4,44.852,220.264,2,11,0,1,1,0,0,889
229,8.9359,4,4,4,1111,66700,4,28.417,203.811,2,11,0,1,1,0,0,892
230,8.9680,4,4,4,1111,66700,4,28.542,203.905,3,11,0,1,1,1,0,896
231,9.0002,4,4,4,1111,66700,4,28.648,175.838,2,11,0,1,1,0,0,900
232,9.0317,4,4,4,1111,66700,4,28.212,175.322,2,11,0,1,1,0,0,904
233,9.0641,4,4,4,1111,66700,4,28.615,175.708,2,11,0,1,1,0,0,908
234,9.1041,4,4,4,1111,66700,4,36.482,183.652,2,11,0,1,1,0,0,913
235,9.1278,4,4,4,1111,66700,4,28.223,175.300,3,11,0,1,1,1,0,916
236,9.1600,4,4,4,1111,66700,4,28.393,175.455,3,11,0,1,1,1,0,919
237,9.1831,4,4,4,1111,66700,4,27.879,166.520,3,11,0,1,1,1,0,921
238,9.2155,4,4,4,1111,66700,4,28.246,166.844,2,11,0,1,1,0,0,925
239,9.2564,4,4,4,1111,66700,4,28.612,175.730,3,11,0,1,1,1,0,930
240,9.3664,4,4,4,1111,66700,4,106.608,253.734,3,11,0,1,1,1,0,943
241,9.3685,4,4,4,1111,66700,4,76.770,203.231,3,11,0,1,1,1,0,943
242,9.3738,4,4,4,1111,66700,4,50.059,176.479,3,11,0,1,1,1,0,945
243,9.4006,4,4,4,1111,66700,4,44.768,171.223,3,11,0,1,1,1,0,946
244,9.4158,4,4,4,1111,66700,4,27.849,154.337,3,11,0,1,1,1,0,948
245,9.5000,3,3,4,1111,66700,4,37.717,206.509,2,11,0,1,0,1,0,956
246,9.5531,4,4,4,1111,66700,4,69.059,227.575,2,11,0,1,1,0,0,963
247,9.5546,4,4,4,1111,66700,4,38.615,197.114,3,11,0,1,1,1,0,963
248,9.5822,4,4,4,1111,66700,4,34.107,177.661,3,11,0,1,1,1,0,967
249,9.6086,4,4,4,1111,66700,4,28.520,172.082,3,11,0,1,1,1,0,970
250,9.6406,4,4,4,1111,66700,4,28.547,172.034,2,11,0,0,1,1,0,974
251,9.6725,4,4,4,1111,66700,4,28.370,171.879,2,11,0,0,1,1,0,978
252,9.7045,4,4,4,1111,66700,4,28.347,171.848,2,11,0,0,1,1,0,982
253,9.7414,4,4,4,1111,66700,4,33.224,176.740,2,11,0,0,1,1,0,986
254,9.7689,4,4,4,1111,66700,4,28.532,172.216,2,11,0,0,1,1,0,990
255,9.8007,4,4,4,1111,66700,4,28.423,171.994,2,11,0,0,1,1,0,994
256,9.8326,4,4,4,1111,66700,4,28.344,171.924,2,11,0,0,1,1,0,998
257,9.8645,4,4,4,1111,66700,4,28.200,171.782,2,11,0,0,1,1,0,1002
258,9.8967,4,4,4,1111,66700,4,28.366,171.932,2,11,0,0,1,1,0,1006
259,9.9287,4,4,4,1111,66700,4,28.403,171.988,2,11,0,0,1,1,0,1010
260,9.9608,4,4,4,1111,66700,4,28.371,172.013,2,11,0,0,1,1,0,1014
261,9.9928,4,4,4,1111,66700,4,28.386,171.981,2,11,0,0,1,1,0,1018
262,10.0247,4,4,4,1111,66700,4,28.302,171.892,2,11,0,0,1,1,0,1022
263,10.0569,4,4,4,1111,66700,4,28.493,172.106,2,11,0,0,1,1,0,1026
264,10.1290,4,4,4,1111,66700,4,68.467,212.158,2,11,0,0,1,1,0,1035
265,10.1310,4,4,4,1111,66700,4,38.502,182.133,1,11,0,0,1,0,0,1035
266,10.1558,4,4,4,1111,66700,4,31.258,174.884,2,11,0,0,1,1,0,1038
267,10.1849,4,4,4,1111,66700,4,28.248,171.943,2,11,0,0,1,1,0,1042
268,10.2170,4,4,4,1111,66700,4,28.352,171.994,1,11,0,0,1,0,0,1045
269,10.2490,4,4,4,1111,66700,4,28.408,172.010,1,11,0,0,1,0,0,1048
270,10.3080,4,4,4,1111,66700,4,55.368,198.998,1,11,0,0,1,0,0,1055
271,10.3257,4,4,4,1111,66700,4,41.079,184.729,1,11,0,0,1,0,0,1057
272,10.3852,4,4,4,1111,66700,4,68.383,212.141,1,11,0,0,1,0,0,1065
273,10.3865,4,4,4,1111,66700,4,37.770,152.357,1,11,0,0,1,0,0,1065
274,10.4119,4,4,4,1111,66700,4,31.073,145.582,4,14,0,2,1,1,0,1068
275,10.4411,4,4,4,1111,66700,4,28.288,142.743,3,14,0,2,1,0,0,1072
276,10.4737,4,4,4,1111,66700,4,28.851,143.392,3,14,0,2,1,0,0,1076
277,10.5236,4,4,4,1111,66700,4,46.714,161.258,3,14,0,2,1,0,0,1082
278,10.5377,4,4,4,1111,66700,4,28.770,143.266,2,14,0,2,0,0,0,1084
279,10.5693,4,4,4,1111,66700,4,28.416,142.882,2,14,0,2,0,0,0,1087
280,10.5924,4,4,4,1111,66700,4,27.867,133.835,3,15,0,2,0,1,0,1089
281,10.6248,4,4,4,1111,66700,4,28.220,134.198,3,15,0,2,0,1,0,1093
282,10.6937,4,4,4,1111,66700,4,56.633,171.042,3,15,0,2,0,1,0,1102
283,10.7056,4,4,4,1111,66700,4,36.548,130.864,3,15,0,2,0,1,0,1103
284,10.7297,4,4,4,1111,66700,4,28.563,122.878,4,15,0,2,1,1,0,1106
285,10.7617,4,4,4,1111,66700,4,28.563,122.871,4,15,0,2,1,1,0,1110
286,10.7936,4,4,4,1111,66700,4,28.421,122.727,3,16,0,1,1,1,0,1114
287,10.8255,4,4,4,1111,66700,4,28.337,122.619,4,16,0,1,2,1,0,1116
288,10.9046,3,3,4,1111,66700,4,33.037,169.659,2,16,0,1,0,1,0,1123
289,10.9215,4,4,4,1111,66700,4,28.245,154.486,4,16,0,1,2,1,0,1126
290,10.9537,4,4,4,1111,66700,4,28.326,140.217,4,16,0,1,2,1,0,1130
291,10.9858,4,4,4,1111,66700,4,28.447,140.321,4,16,0,1,2,1,0,1134
292,11.0176,4,4,4,1111,66700,4,28.346,140.159,5,16,0,2,2,1,0,1138
293,11.0496,4,4,4,1111,66700,4,28.244,140.100,4,16,0,1,2,1,0,1142
294,11.0861,4,4,4,1111,66700,4,32.695,144.539,5,16,0,2,2,1,0,1146
295,11.1138,4,4,4,1111,66700,4,28.415,140.249,4,16,0,1,2,1,0,1150
296,11.1458,4,4,4,1111,66700,4,28.309,140.193,5,16,0,2,2,1,0,1154
297,11.1777,4,4,4,1111,66700,4,28.275,140.141,4,16,0,2,1,1,0,1158
298,11.2098,4,4,4,1111,66700,4,28.336,140.194,4,16,0,1,2,1,0,1162
299,11.2418,4,4,4,1111,66700,4,28.307,140.217,3,16,0,1,1,1,0,1166
300,11.3129,4,4,4,1111,66700,4,67.254,179.232,3,16,0,1,1,1,0,1175
301,11.3151,4,4,4,1111,66700,4,37.468,149.432,3,16,0,1,1,1,0,1175
302,11.3816,4,4,4,1111,66700,4,71.995,183.944,3,16,0,1,1,1,0,1183
303,11.3832,4,4,4,1111,66700,4,41.513,153.442,2,16,0,1,0,1,0,1183
304,11.4092,4,4,4,1111,66700,4,35.499,147.443,3,16,0,1,1,1,0,1187
305,11.4339,4,4,4,1111,66700,4,28.251,140.160,3,16,0,1,1,1,0,1190
306,11.4662,4,4,4,1111,66700,4,28.483,140.416,2,16,0,1,0,1,0,1194
307,11.5248,4,4,4,1111,66700,4,54.978,166.964,3,16,0,1,1,1,0,1201
308,11.5521,4,4,4,1111,66700,4,50.207,162.237,3,16,0,2,0,1,0,1205
309,11.5628,4,4,4,1111,66700,4,28.691,140.923,3,16,0,2,0,1,0,1206
310,11.5944,4,4,4,1111,66700,4,28.549,140.545,4,17,1,2,0,1,0,1210
311,11.6262,4,4,4,1111,66700,4,28.313,140.278,4,17,1,1,1,1,0,1213
312,11.6583,4,4,4,1111,66700,4,28.453,140.357,3,17,1,1,0,1,0,1216
313,11.7289,4,4,4,1111,66700,4,66.954,178.973,4,17,1,2,0,1,0,1225
314,11.7307,4,4,4,1111,66700,4,36.622,148.717,4,17,1,2,0,1,0,1225
315,11.7560,4,4,4,1111,66700,4,30.042,111.940,3,17,1,2,0,0,0,1228
316,11.7865,4,4,4,1111,66700,4,28.464,110.325,3,17,1,2,0,0,0,1232
317,11.8184,4,4,4,1111,66700,4,28.364,110.237,2,17,1,1,0,0,0,1236
318,11.8504,4,4,4,1111,66700,4,28.314,110.151,2,17,1,1,0,0,0,1240
319,11.8828,4,4,4,1111,66700,4,28.637,110.499,3,17,1,2,0,0,0,1244
320,11.9234,4,4,4,1111,66700,4,37.236,119.084,3,17,1,2,0,0,0,1249
321,11.9465,4,4,4,1111,66700,4,28.319,110.116,2,17,1,1,0,0,0,1252
322,11.9792,4,4,4,1111,66700,4,29.018,110.809,2,17,1,1,0,0,0,1255
323,12.0020,4,4,4,1111,66700,4,28.199,101.547,3,17,1,2,0,0,0,1257
324,12.0342,4,4,4,1111,66700,4,28.389,101.729,2,17,1,1,0,0,0,1261
325,12.0747,4,4,4,1111,66700,4,28.388,90.465,2,17,1,1,0,0,0,1266
326,12.1115,4,4,4,1111,66700,4,33.233,95.271,2,17,1,1,0,0,0,1270
327,12.1388,4,4,4,1111,66700,4,28.490,90.507,3,17,1,2,0,0,0,1274
328,12.1707,4,4,4,1111,66700,4,28.380,90.402,3,17,1,2,0,0,0,1278
329,12.2028,4,4,4,1111,66700,4,28.400,90.426,3,17,1,2,0,0,0,1282
330,12.2345,4,4,4,1111,66700,4,28.142,90.172,3,17,1,2,0,0,0,1284
331,12.3143,3,3,4,1111,66700,4,33.213,137.856,2,17,1,1,0,0,0,1291
332,12.3564,4,4,4,1111,66700,4,53.901,134.057,3,18,1,1,1,0,0,1297
333,12.3720,4,4,4,1111,66700,4,37.506,117.658,2,18,1,1,0,0,0,1299
334,12.3946,4,4,4,1111,66700,4,28.080,108.222,4,18,1,2,1,0,0,1302
335,12.4269,4,4,4,1111,66700,4,28.268,108.429,4,18,1,2,1,0,0,1306
336,12.4591,4,4,4,1111,66700,4,28.554,108.669,3,18,1,1,1,0,0,1310
337,12.4914,4,4,4,1111,66700,4,28.761,108.973,3,18,0,2,1,0,0,1314
338,12.5315,4,4,4,1111,66700,4,36.746,117.013,4,18,1,2,1,0,0,1319
339,12.5563,4,4,4,1111,66700,4,29.561,109.788,3,18,1,1,1,0,0,1322
340,12.5874,4,4,4,1111,66700,4,28.651,108.895,3,18,1,1,1,0,0,1326
341,12.6192,4,4,4,1111,66700,4,28.436,108.653,3,18,1,1,1,0,0,1330
342,12.6511,4,4,4,1111,66700,4,28.350,108.525,3,18,1,1,1,0,0,1334
343,12.7046,4,4,4,1111,66700,4,49.770,129.986,3,18,1,1,1,0,0,1341
344,12.7274,4,4,4,1111,66700,4,40.507,120.819,3,18,1,1,1,0,0,1343
345,12.7475,4,4,4,1111,66700,4,28.578,108.882,3,18,1,1,1,0,0,1346
346,12.7792,4,4,4,1111,66700,4,28.319,108.554,3,18,1,1,1,0,0,1350
347,12.8113,4,4,4,1111,66700,4,28.330,108.570,3,18,1,1,1,0,0,1354
348,12.8432,4,4,4,1111,66700,4,28.201,108.442,3,18,1,1,1,0,0,1358
349,12.8754,4,4,4,1111,66700,4,28.437,108.688,3,18,1,1,1,0,0,1362
350,12.9490,4,4,4,1111,66700,4,69.876,150.217,4,19,1,1,2,0,0,1371
351,12.9504,4,4,4,1111,66700,4,39.345,119.588,4,19,1,1,2,0,0,1371
352,12.9758,4,4,4,1111,66700,4,32.771,113.026,3,19,1,1,1,0,0,1374
353,13.0036,4,4,4,1111,66700,4,28.501,108.798,4,19,1,1,2,0,0,1378
354,13.0355,4,4,4,1111,66700,4,28.386,108.677,4,19,1,1,2,0,0,1381
355,13.0674,4,4,4,1111,66700,4,28.367,108.588,4,19,1,1,2,0,0,1384
356,13.1289,4,4,4,1111,66700,4,57.713,137.994,4,19,1,1,2,0,0,1392
357,13.1436,4,4,4,1111,66700,4,40.360,89.615,5,19,1,2,2,0,0,1393
358,13.1634,4,4,4,1111,66700,4,28.151,77.332,5,19,1,2,2,0,0,1396
359,13.1956,4,4,4,1111,66700,4,28.322,77.485,5,19,1,2,2,0,0,1400
360,13.2276,4,4,4,1111,66700,4,28.257,77.411,4,19,1,2,1,0,0,1404
361,13.2596,4,4,4,1111,66700,4,28.282,77.448,4,19,1,1,2,0,0,1408
362,13.2917,4,4,4,1111,66700,4,28.296,77.511,4,19,1,2,1,0,0,1412
363,13.3582,4,4,4,1111,66700,4,62.725,111.958,5,19,1,2,2,0,0,1420
364,13.3598,4,4,4,1111,66700,4,32.326,81.545,5,19,1,2,2,0,0,1420
365,13.3996,4,4,4,1111,66700,4,40.132,89.237,5,19,1,2,2,0,0,1424
366,13.4141,4,4,4,1111,66700,4,31.065,71.738,4,19,1,1,2,0,0,1425
367,13.4678,4,4,4,1111,66700,4,28.551,74.100,4,19,1,2,1,0,0,1431
368,13.5394,4,4,4,1111,66700,4,68.169,113.758,5,19,1,2,2,0,0,1441
369,13.5410,4,4,4,1111,66700,4,37.716,83.272,5,19,1,2,2,0,0,1441
370,13.5670,4,4,4,1111,66700,4,31.638,77.175,5,19,1,2,2,0,0,1444
371,13.5960,4,4,4,1111,66700,4,28.462,74.226,5,19,1,2,2,0,0,1447
372,13.6277,4,4,4,1111,66700,4,28.377,73.906,5,19,1,2,2,0,0,1450
373,13.6599,4,4,4,1111,66700,4,28.541,74.037,5,19,1,2,2,0,0,1452
374,13.7319,4,4,4,1111,66700,4,28.598,100.655,5,19,1,2,2,0,0,1461
375,13.7723,4,4,4,1111,66700,4,28.437,108.997,5,19,1,2,2,0,0,1466
376,13.8042,4,4,4,1111,66700,4,28.432,108.898,5,19,1,2,2,0,0,1470
377,13.8362,4,4,4,1111,66700,4,28.364,108.839,5,19,1,2,2,0,0,1474
378,13.8684,4,4,4,1111,66700,4,28.548,109.035,5,19,1,2,2,0,0,1478
379,13.9398,4,4,4,1111,66700,4,67.849,148.364,6,20,1,3,2,0,0,1487
380,13.9412,4,4,4,1111,66700,4,37.264,117.746,6,20,1,3,2,0,0,1487
381,13.9665,4,4,4,1111,66700,4,30.516,111.089,6,20,1,3,2,0,0,1490
382,13.9965,4,4,4,1111,66700,4,28.509,109.056,5,20,1,3,1,0,0,1494
383,14.0283,4,4,4,1111,66700,4,28.310,108.838,6,20,1,3,2,0,0,1498
384,14.0606,4,4,4,1111,66700,4,28.544,109.094,5,20,1,3,1,0,0,1502
385,14.1168,4,4,4,1111,66700,4,52.793,133.327,5,20,1,3,1,0,0,1509
386,14.1322,4,4,4,1111,66700,4,36.021,116.698,5,20,1,3,1,0,0,1511
387,14.1576,4,4,4,1111,66700,4,29.473,110.048,6,20,1,3,2,0,0,1514
388,14.1886,4,4,4,1111,66700,4,28.373,108.997,5,20,1,3,1,0,0,1518
389,14.2205,4,4,4,1111,66700,4,28.301,108.874,6,20,1,3,2,0,0,1522
390,14.2525,4,4,4,1111,66700,4,28.310,108.872,5,20,1,3,1,0,0,1526
391,14.2849,4,4,4,1111,66700,4,28.625,109.213,6,20,1,3,2,0,0,1530
392,14.3655,4,4,4,1111,66700,4,77.147,157.811,6,20,1,3,2,0,0,1539
393,14.3674,4,4,4,1111,66700,4,46.955,127.665,6,20,1,3,2,0,0,1539
394,14.4077,4,4,4,1111,66700,4,55.383,135.970,6,20,1,3,2,0,0,1545
395,14.4174,4,4,4,1111,66700,4,32.998,113.659,6,20,1,3,2,0,0,1546
396,14.4453,4,4,4,1111,66700,4,28.866,109.519,5,20,1,3,1,0,0,1549
397,14.4684,4,4,4,1111,66700,4,28.420,100.530,4,20,1,3,0,0,0,1551
398,14.5256,4,4,4,1111,66700,4,53.491,125.784,5,20,1,3,1,0,0,1557
399,14.5424,4,4,4,1111,66700,4,38.267,78.511,3,20,1,2,0,0,0,1560
400,14.5730,4,4,4,1111,66700,4,28.402,77.042,5,20,1,3,1,0,0,1564
401,14.5962,4,4,4,1111,66700,4,28.079,68.255,4,20,1,3,0,0,0,1567
402,14.6369,4,4,4,1111,66700,4,28.327,76.962,5,20,1,3,1,0,0,1572
403,14.6690,4,4,4,1111,66700,4,28.384,76.973,4,20,1,3,0,0,0,1576
404,14.7010,4,4,4,1111,66700,4,28.369,76.954,4,20,1,3,0,0,0,1580
405,14.7382,4,4,4,1111,66700,4,33.510,82.096,4,20,1,2,1,0,0,1584
406,14.7652,4,4,4,1111,66700,4,28.493,77.090,4,20,1,3,0,0,0,1588
407,14.7977,4,4,4,1111,66700,4,28.931,77.523,4,20,1,3,0,0,0,1591
408,14.8204,4,4,4,1111,66700,4,28.124,68.234,4,20,1,3,0,0,0,1593
409,14.8770,4,4,4,1111,66700,4,28.631,73.924,4,20,1,3,0,0,0,1599
410,14.9174,4,4,4,1111,66700,4,36.881,82.240,5,20,1,3,1,0,0,1605
411,14.9406,4,4,4,1111,66700,4,28.125,73.399,5,20,1,3,1,0,0,1607
412,14.9731,4,4,4,1111,66700,4,28.501,73.892,5,20,1,3,1,0,0,1611
413,15.0048,4,4,4,1111,66700,4,28.231,73.583,5,20,1,3,1,0,0,1615
414,15.0369,4,4,4,1111,66700,4,28.297,73.642,4,20,1,3,0,0,0,1618
415,15.0692,4,4,4,1111,66700,4,28.548,73.916,4,20,1,3,0,0,0,1620
416,15.1411,4,4,4,1111,66700,4,28.484,100.838,5,20,1,3,1,0,0,1629
417,15.1816,4,4,4,1111,66700,4,28.478,109.305,5,20,1,3,1,0,0,1634
418,15.2135,4,4,4,1111,66700,4,28.413,109.281,5,20,1,3,1,0,0,1638
419,15.2454,4,4,4,1111,66700,4,28.258,109.080,5,20,1,3,1,0,0,1642
420,15.2777,4,4,4,1111,66700,4,28.592,109.420,5,20,1,2,2,0,0,1646
421,15.3734,4,4,4,1111,66700,4,92.127,173.085,5,20,1,3,1,0,0,1658
422,15.3867,4,4,4,1111,66700,4,73.384,154.303,5,20,1,3,1,0,0,1659
423,15.4026,4,4,4,1111,66700,4,57.345,138.156,5,20,1,3,1,0,0,1662
424,15.4133,4,4,4,1111,66700,4,35.955,116.836,5,20,1,3,1,0,0,1663
425,15.4377,4,4,4,1111,66700,4,28.317,109.211,5,20,1,3,1,0,0,1666
426,15.4700,4,4,4,1111,66700,4,28.695,109.501,5,20,1,3,1,0,0,1670
427,15.5289,4,4,4,1111,66700,4,55.466,136.434,5,20,1,3,1,0,0,1677
428,15.5510,4,4,4,1111,66700,4,45.526,126.556,5,20,1,3,1,0,0,1679
429,15.5660,4,4,4,1111,66700,4,28.484,109.508,4,20,1,2,1,0,0,1682
430,15.5979,4,4,4,1111,66700,4,28.421,109.339,5,20,1,3,1,0,0,1686
431,15.6298,4,4,4,1111,66700,4,28.345,109.252,6,20,1,3,2,0,0,1690
432,15.6619,4,4,4,1111,66700,4,28.438,109.366,5,20,1,3,1,0,0,1694
433,15.6941,4,4,4,1111,66700,4,28.461,109.458,4,20,1,2,1,0,0,1698
434,15.7260,4,4,4,1111,66700,4,28.454,109.419,5,20,1,3,1,0,0,1702
435,15.7610,4,4,4,1111,66700,4,31.373,112.358,6,20,1,3,2,0,0,1706
436,15.7900,4,4,4,1111,66700,4,28.287,109.326,6,20,1,3,2,0,0,1710
437,15.8221,4,4,4,1111,66700,4,28.436,109.407,6,20,1,3,2,0,0,1714
438,15.8547,4,4,4,1111,66700,4,29.015,110.046,5,20,0,3,2,0,0,1717
439,15.8773,4,4,4,1111,66700,4,28.033,100.599,4,20,0,2,2,0,0,1719
440,15.9096,4,4,4,1111,66700,4,28.245,100.848,5,20,1,3,1,0,0,1723
441,15.9505,4,4,4,1111,66700,4,28.693,76.780,4,20,0,3,1,0,0,1728
442,15.9823,4,4,4,1111,66700,4,28.571,76.555,5,20,0,3,2,0,0,1732
443,16.0143,4,4,4,1111,66700,4,28.471,76.487,4,20,0,3,1,0,0,1736
444,16.0462,4,4,4,1111,66700,4,28.388,76.387,4,20,0,3,1,0,0,1740
445,16.0786,4,4,4,1111,66700,4,28.716,76.717,4,20,0,3,1,0,0,1744
446,16.1292,4,4,4,1111,66700,4,47.191,95.248,7,23,3,3,1,0,0,1750
447,16.1426,4,4,4,1111,66700,4,28.738,76.676,7,23,3,3,1,0,0,1752
448,16.1745,4,4,4,1111,66700,4,28.511,76.479,7,23,3,3,1,0,0,1756
449,16.2064,4,4,4,1111,66700,4,28.422,76.350,7,23,3,3,1,0,0,1759
450,16.2383,4,4,4,1111,66700,4,28.353,76.215,8,23,3,3,2,0,0,1762
451,16.3077,4,4,4,1111,66700,4,49.386,95.135,7,23,2,3,2,0,0,1770
452,16.3265,4,4,4,1111,66700,4,36.172,81.950,7,23,2,3,2,0,0,1773
453,16.3741,4,4,4,1111,66700,4,51.681,97.428,6,23,2,3,1,0,0,1779
454,16.3887,4,4,4,1111,66700,4,34.336,80.084,8,23,3,3,2,0,0,1781
455,16.4178,4,4,4,1111,66700,4,31.327,77.042,7,23,3,3,1,0,0,1784
456,16.4469,4,4,4,1111,66700,4,28.419,74.187,4,23,1,2,1,0,0,1786
457,16.4794,4,4,4,1111,66700,4,28.890,74.671,5,23,2,2,1,0,0,1788
458,16.5516,4,4,4,1111,66700,4,29.705,102.502,6,23,2,3,1,0,0,1797
459,16.5910,4,4,4,1111,66700,4,28.568,109.746,7,23,2,3,2,0,0,1802
460,16.6229,4,4,4,1111,66700,4,28.528,109.678,6,23,2,3,1,0,0,1806
461,16.6550,4,4,4,1111,66700,4,28.617,109.785,7,23,3,3,1,0,0,1810
462,16.7095,4,4,4,1111,66700,4,51.090,132.305,7,23,3,3,1,0,0,1817
463,16.7245,4,4,4,1111,66700,4,33.933,115.268,5,23,1,3,1,0,0,1818
464,16.7511,4,4,4,1111,66700,4,28.539,109.830,6,23,3,3,0,0,0,1822
465,16.7830,4,4,4,1111,66700,4,28.435,109.695,6,23,3,3,0,0,0,1826
466,16.8150,4,4,4,1111,66700,4,28.426,109.676,5,23,2,1,2,0,0,1830
467,16.8470,4,4,4,1111,66700,4,28.463,109.682,6,23,2,3,1,0,0,1834
468,16.8789,4,4,4,1111,66700,4,28.271,109.491,6,23,2,3,1,0,0,1838
469,16.9159,4,4,4,1111,66700,4,33.333,114.547,5,23,2,3,0,0,0,1842
470,16.9430,4,4,4,1111,66700,4,28.428,109.648,3,23,2,1,0,0,0,1846
471,16.9752,4,4,4,1111,66700,4,28.517,109.762,6,23,2,3,1,0,0,1850
472,17.0073,4,4,4,1111,66700,4,28.449,109.811,5,23,2,2,1,0,0,1854
473,17.0391,4,4,4,1111,66700,4,28.341,109.631,5,23,2,3,0,0,0,1858
474,17.0713,4,4,4,1111,66700,4,28.468,109.738,5,23,2,2,1,0,0,1862
475,17.1075,4,4,4,1111,66700,4,32.658,113.922,7,23,2,3,2,0,0,1866
476,17.1351,4,4,4,1111,66700,4,28.339,109.600,6,23,2,2,2,0,0,1870
477,17.1672,4,4,4,1111,66700,4,28.352,109.616,5,23,2,3,0,0,0,1874
478,17.1991,4,4,4,1111,66700,4,28.258,109.568,6,23,2,2,2,0,0,1878
479,17.2313,4,4,4,1111,66700,4,28.280,109.672,6,23,2,3,1,0,0,1882
480,17.2633,4,4,4,1111,66700,4,28.412,109.703,6,23,2,3,1,0,0,1885
481,17.3258,4,4,4,1111,66700,4,67.240,140.204,6,23,2,3,1,0,0,1892
482,17.3275,4,4,4,1111,66700,4,36.891,109.848,6,23,2,3,1,0,0,1892
483,17.3988,4,4,4,1111,66700,4,67.712,115.185,6,23,2,3,1,0,0,1901
484,17.4005,4,4,4,1111,66700,4,37.450,84.893,7,23,2,3,2,0,0,1901
485,17.4256,4,4,4,1111,66700,4,30.494,77.933,5,23,2,1,2,0,0,1904
486,17.4555,4,4,4,1111,66700,4,28.354,75.770,7,23,2,3,2,0,0,1908
487,17.4879,4,4,4,1111,66700,4,28.714,76.112,6,23,2,3,1,0,0,1912
488,17.5469,4,4,4,1111,66700,4,55.694,103.157,7,23,2,3,2,0,0,1920
489,17.5641,4,4,4,1111,66700,4,40.858,88.254,8,23,3,3,2,0,0,1921
490,17.5837,4,4,4,1111,66700,4,28.412,75.838,7,23,3,2,2,0,0,1924
491,17.6157,4,4,4,1111,66700,4,28.434,75.789,7,23,2,3,2,0,0,1927
492,17.6478,4,4,4,1111,66700,4,28.580,75.877,6,23,1,3,2,0,0,1930
493,17.6970,4,4,4,1111,66700,4,28.723,74.932,7,23,2,3,2,0,0,1935
494,17.7352,4,4,4,1111,66700,4,34.809,81.116,6,23,2,3,1,0,0,1941
495,17.7617,4,4,4,1111,66700,4,29.108,75.530,7,23,3,2,2,0,0,1943
496,17.7926,4,4,4,1111,66700,4,28.275,74.464,6,23,3,3,0,0,0,1947
497,17.8248,4,4,4,1111,66700,4,28.396,74.600,6,23,3,3,0,0,0,1951
498,17.8568,4,4,4,1111,66700,4,28.389,74.591,7,23,3,3,1,0,0,1954
499,17.8891,4,4,4,1111,66700,4,28.704,74.916,7,23,3,3,1,0,0,1956
500,17.9609,4,4,4,1111,66700,4,29.719,102.798,8,23,3,3,2,0,0,1965
501,18.0003,4,4,4,1111,66700,4,28.586,110.155,7,23,3,2,2,0,0,1970
502,18.0320,4,4,4,1111,66700,4,28.363,109.894,6,23,3,2,1,0,0,1974
503,18.0641,4,4,4,1111,66700,4,28.384,109.927,6,23,3,2,1,0,0,1978
504,18.0962,4,4,4,1111,66700,4,28.463,110.002,7,23,3,3,1,0,0,1982
505,18.1330,4,4,4,1111,66700,4,33.278,114.806,7,23,3,3,1,0,0,1986
506,18.1602,4,4,4,1111,66700,4,28.507,110.009,8,23,3,3,2,0,0,1990
507,18.1923,4,4,4,1111,66700,4,28.467,110.045,6,23,3,2,1,0,0,1994
508,18.2242,4,4,4,1111,66700,4,28.363,109.931,8,23,3,3,2,0,0,1998
509,18.2562,4,4,4,1111,66700,4,28.367,109.947,6,23,1,3,2,0,0,2002
510,18.2883,4,4,4,1111,66700,4,28.433,109.970,7,23,2,3,2,0,0,2006
511,18.3253,4,4,4,1111,66700,4,33.364,114.959,6,23,1,3,2,0,0,2010
512,18.3610,4,4,4,1111,66700,4,37.036,118.630,7,24,2,2,3,0,0,2015
513,18.3889,4,4,4,1111,66700,4,32.928,114.570,8,24,2,3,3,0,0,2018
514,18.4165,4,4,4,1111,66700,4,28.543,110.119,7,24,3,2,2,0,0,2022
515,18.4513,4,4,4,1111,66700,4,31.316,112.912,7,24,3,2,2,0,0,2026
516,18.4806,4,4,4,1111,66700,4,28.559,110.190,7,24,2,3,2,0,0,2030
517,18.5519,4,4,4,1111,66700,4,67.816,149.497,7,24,2,3,2,0,0,2039
518,18.5544,4,4,4,1111,66700,4,38.176,119.893,8,24,3,3,2,0,0,2039
519,18.5801,4,4,4,1111,66700,4,32.005,113.607,7,24,2,3,2,0,0,2042
520,18.6090,4,4,4,1111,66700,4,28.796,110.396,7,24,2,3,2,0,0,2046
521,18.6406,4,4,4,1111,66700,4,28.443,110.099,7,24,2,3,2,0,0,2050
522,18.6727,4,4,4,1111,66700,4,28.454,110.139,7,24,2,3,2,0,0,2053
523,18.6960,4,4,4,1111,66700,4,28.157,101.427,6,24,2,3,1,0,0,2055
524,18.7358,4,4,4,1111,66700,4,35.859,109.197,6,24,2,3,1,0,0,2060
525,18.7687,4,4,4,1111,66700,4,28.375,75.201,7,24,3,3,1,0,0,2064
526,18.8007,4,4,4,1111,66700,4,28.372,75.204,7,24,3,3,1,0,0,2068
527,18.8327,4,4,4,1111,66700,4,28.352,75.162,7,24,3,3,1,0,0,2072
528,18.8648,4,4,4,1111,66700,4,28.380,75.182,7,24,3,3,1,0,0,2076
529,18.8970,4,4,4,1111,66700,4,28.506,75.349,7,24,3,3,1,0,0,2080
530,18.9498,4,4,4,1111,66700,4,49.316,96.124,7,24,3,3,1,0,0,2086
531,18.9629,4,4,4,1111,66700,4,30.418,77.236,7,24,3,3,1,0,0,2088
532,18.9930,4,4,4,1111,66700,4,28.449,75.213,7,24,3,3,1,0,0,2092
533,19.0250,4,4,4,1111,66700,4,28.422,75.159,8,24,3,3,2,0,0,2095
534,19.0568,4,4,4,1111,66700,4,28.338,75.003,7,24,3,3,1,0,0,2098
535,19.1340,4,4,4,1111,66700,4,55.890,102.500,6,24,2,3,1,0,0,2107
536,19.1469,4,4,4,1111,66700,4,36.771,83.390,6,24,2,3,1,0,0,2109
537,19.1703,4,4,4,1111,66700,4,28.129,74.724,5,24,1,3,1,0,0,2111
538,19.2027,4,4,4,1111,66700,4,28.442,75.113,5,24,1,3,1,0,0,2115
539,19.2345,4,4,4,1111,66700,4,28.319,74.934,5,24,1,3,1,0,0,2119
540,19.2665,4,4,4,1111,66700,4,28.208,74.827,5,24,1,3,1,0,0,2122
541,19.2986,4,4,4,1111,66700,4,28.298,74.957,3,24,0,3,0,0,0,2124
542,19.3876,4,4,4,1111,66700,4,47.063,120.546,3,24,0,3,0,0,0,2135
543,19.4117,4,4,4,1111,66700,4,30.806,112.654,4,24,1,3,0,0,0,2138
544,19.4414,4,4,4,1111,66700,4,28.428,110.299,4,24,1,3,0,0,0,2142
545,19.4735,4,4,4,1111,66700,4,28.503,110.385,3,24,0,3,0,0,0,2146
546,19.5056,4,4,4,1111,66700,4,28.624,110.545,3,24,0,3,0,0,0,2150
547,19.5721,4,4,4,1111,66700,4,63.014,145.005,3,24,0,3,0,0,0,2158
548,19.5735,4,4,4,1111,66700,4,32.415,114.386,3,24,0,3,0,0,0,2158
549,19.6016,4,4,4,1111,66700,4,28.522,110.453,3,24,0,3,0,0,0,2162
550,19.6337,4,4,4,1111,66700,4,28.574,110.480,3,24,0,3,0,0,0,2166
551,19.6659,4,4,4,1111,66700,4,28.592,110.651,3,24,0,3,0,0,0,2170
552,19.7015,4,4,4,1111,66700,4,32.202,114.249,3,24,0,3,0,0,0,2174
553,19.7360,4,4,4,1111,66700,4,34.706,116.769,4,24,0,3,1,0,0,2178
554,19.7629,4,4,4,1111,66700,4,29.640,111.613,4,24,0,3,1,0,0,2182
555,19.7936,4,4,4,1111,66700,4,28.380,110.337,3,24,0,3,0,0,0,2186
556,19.8256,4,4,4,1111,66700,4,28.287,110.226,3,24,0,3,0,0,0,2190
557,19.8576,4,4,4,1111,66700,4,28.266,110.227,2,24,0,2,0,0,0,2194
558,19.8901,4,4,4,1111,66700,4,28.778,110.711,2,24,0,2,0,0,0,2198
559,19.9620,4,4,4,1111,66700,4,68.352,150.589,3,24,0,3,0,0,0,2207
560,19.9635,4,4,4,1111,66700,4,37.986,120.061,3,24,0,3,0,0,0,2207
561,19.9889,4,4,4,1111,66700,4,31.480,113.411,3,24,0,3,0,0,0,2210
562,20.0179,4,4,4,1111,66700,4,28.397,110.487,3,24,0,3,0,0,0,2214
563,20.0498,4,4,4,1111,66700,4,28.364,110.385,3,24,0,3,0,0,0,2218
564,20.0820,4,4,4,1111,66700,4,28.566,110.571,1,24,0,1,0,0,0,2221
565,20.1331,4,4,4,1111,66700,4,55.975,129.651,4,24,0,3,1,0,0,2226
566,20.1451,4,4,4,1111,66700,4,35.902,109.568,4,24,0,3,1,0,0,2228
567,20.1780,4,4,4,1111,66700,4,28.434,74.655,4,24,0,3,1,0,0,2232
568,20.2101,4,4,4,1111,66700,4,28.515,74.734,4,24,0,3,1,0,0,2236
569,20.2420,4,4,4,1111,66700,4,28.367,74.585,3,24,0,3,0,0,0,2240
570,20.2739,4,4,4,1111,66700,4,28.239,74.430,3,24,0,3,0,0,0,2244
571,20.3063,4,4,4,1111,66700,4,28.620,74.830,3,24,0,3,0,0,0,2248
572,20.3455,4,4,4,1111,66700,4,35.705,81.920,3,24,0,3,0,0,0,2253
573,20.3969,4,4,4,1111,66700,4,55.082,101.352,3,24,0,3,0,0,0,2259
574,20.4193,4,4,4,1111,66700,4,45.579,91.640,3,24,0,3,0,0,0,2261
575,20.4345,4,4,4,1111,66700,4,28.564,74.772,3,24,0,3,0,0,0,2263
576,20.4663,4,4,4,1111,66700,4,28.454,74.532,2,24,0,2,0,0,0,2266
577,20.5446,4,4,4,1111,66700,4,56.697,103.718,3,24,0,3,0,0,0,2275
578,20.5561,4,4,4,1111,66700,4,36.042,83.047,3,24,0,3,0,0,0,2277
579,20.5807,4,4,4,1111,66700,4,28.645,75.614,2,24,0,2,0,0,0,2280
580,20.6124,4,4,4,1111,66700,4,28.358,75.394,3,24,0,3,0,0,0,2284
581,20.6443,4,4,4,1111,66700,4,28.209,75.262,3,24,0,3,0,0,0,2288
582,20.6766,4,4,4,1111,66700,4,28.437,75.539,3,24,0,3,0,0,0,2291
583,20.7086,4,4,4,1111,66700,4,28.386,75.483,3,24,0,3,0,0,0,2293
584,20.7783,4,4,4,1111,66700,4,28.592,102.392,3,24,0,3,0,0,0,2301
585,20.8186,4,4,4,1111,66700,4,28.410,110.626,3,25,1,2,0,0,0,2306
586,20.8507,4,4,4,1111,66700,4,28.469,110.706,4,25,1,3,0,0,0,2310
587,20.8828,4,4,4,1111,66700,4,28.562,110.825,4,25,1,3,0,0,0,2314
588,20.9564,4,4,4,1111,66700,4,70.114,152.401,4,25,1,3,0,0,0,2323
589,20.9580,4,4,4,1111,66700,4,39.721,121.986,4,25,1,3,0,0,0,2323
590,20.9837,4,4,4,1111,66700,4,33.369,115.584,4,25,1,3,0,0,0,2326
591,21.0112,4,4,4,1111,66700,4,28.789,111.103,4,25,1,3,0,0,0,2330
592,21.0430,4,4,4,1111,66700,4,28.549,110.852,4,25,1,3,0,0,0,2334
593,21.0749,4,4,4,1111,66700,4,28.454,110.726,4,25,1,3,0,0,0,2338
594,21.1473,4,4,4,1111,66700,4,68.732,151.115,4,25,1,3,0,0,0,2347
595,21.1488,4,4,4,1111,66700,4,38.286,120.639,4,25,1,3,0,0,0,2347
596,21.1743,4,4,4,1111,66700,4,31.834,114.119,4,25,1,3,0,0,0,2350
597,21.2030,4,4,4,1111,66700,4,28.548,110.812,4,25,1,3,0,0,0,2354
598,21.2348,4,4,4,1111,66700,4,28.318,110.603,4,25,1,3,0,0,0,2358
599,21.2668,4,4,4,1111,66700,4,28.270,110.561,4,25,1,3,0,0,0,2362
600,21.2990,4,4,4,1111,66700,4,28.433,110.765,3,25,0,3,0,0,0,2366
601,21.3429,4,4,4,1111,66700,4,40.081,122.599,3,25,0,3,0,0,0,2371
602,21.3643,4,4,4,1111,66700,4,29.654,111.998,3,25,0,3,0,0,0,2374
603,21.4310,4,4,4,1111,66700,4,64.317,146.675,4,25,1,3,0,0,0,2382
604,21.4325,4,4,4,1111,66700,4,33.809,116.153,4,25,1,3,0,0,0,2382
605,21.4619,4,4,4,1111,66700,4,31.158,113.484,4,25,1,3,0,0,0,2386
606,21.4914,4,4,4,1111,66700,4,28.579,110.955,4,25,1,3,0,0,0,2389
607,21.5233,4,4,4,1111,66700,4,36.896,110.883,4,25,1,3,0,0,0,2392
608,21.5584,4,4,4,1111,66700,4,39.926,113.967,4,25,1,3,0,0,0,2396
609,21.5874,4,4,4,1111,66700,4,28.383,74.129,4,25,1,3,0,0,0,2400
610,21.6192,4,4,4,1111,66700,4,28.284,73.937,4,25,1,3,0,0,0,2404
611,21.6512,4,4,4,1111,66700,4,28.341,73.939,4,25,1,3,0,0,0,2408
612,21.6833,4,4,4,1111,66700,4,28.366,73.974,4,25,1,3,0,0,0,2412
613,21.7154,4,4,4,1111,66700,4,28.443,74.068,4,25,1,3,0,0,0,2416
614,21.7523,4,4,4,1111,66700,4,33.272,78.870,4,25,1,3,0,0,0,2420
615,21.7796,4,4,4,1111,66700,4,28.576,74.152,4,25,1,3,0,0,0,2424
616,21.8113,4,4,4,1111,66700,4,28.232,73.766,3,25,1,2,0,0,0,2428
617,21.8433,4,4,4,1111,66700,4,28.209,73.743,4,25,1,3,0,0,0,2431
618,21.8754,4,4,4,1111,66700,4,28.302,73.764,4,25,1,3,0,0,0,2434
619,21.9262,4,4,4,1111,66700,4,28.391,75.832,3,25,0,3,0,0,0,2440
620,21.9592,4,4,4,1111,66700,4,29.326,76.800,3,25,0,3,0,0,0,2444
621,21.9904,4,4,4,1111,66700,4,28.426,75.915,3,25,0,3,0,0,0,2448
622,22.0225,4,4,4,1111,66700,4,28.513,76.005,4,25,1,3,0,0,0,2452
623,22.0544,4,4,4,1111,66700,4,28.339,75.834,4,25,1,3,0,0,0,2456
624,22.0865,4,4,4,1111,66700,4,28.453,75.969,4,25,1,3,0,0,0,2459
625,22.1370,4,4,4,1111,66700,4,46.885,94.433,4,25,1,3,0,0,0,2462
626,22.1874,4,4,4,1111,66700,4,28.427,102.530,4,25,1,3,0,0,0,2469
627,22.2279,4,4,4,1111,66700,4,28.404,110.962,3,25,0,3,0,0,0,2474
628,22.2597,4,4,4,1111,66700,4,28.191,110.806,3,25,0,3,0,0,0,2478
629,22.2919,4,4,4,1111,66700,4,28.425,111.016,3,25,0,3,0,0,0,2482
630,22.3563,4,4,4,1111,66700,4,60.663,143.311,3,25,0,3,0,0,0,2490
631,22.3773,4,4,4,1111,66700,4,49.728,132.324,3,25,0,3,0,0,0,2492
632,22.3891,4,4,4,1111,66700,4,29.415,112.073,4,26,0,3,1,0,0,2494
633,22.4278,4,4,4,1111,66700,4,36.133,118.783,4,26,0,3,1,0,0,2499
634,22.4521,4,4,4,1111,66700,4,28.447,111.057,4,26,0,3,1,0,0,2502
635,22.4872,4,4,4,1111,66700,4,31.574,114.193,3,26,0,2,1,0,0,2506
636,22.5491,4,4,4,1111,66700,4,61.341,144.068,4,26,0,3,1,0,0,2514
637,22.5648,4,4,4,1111,66700,4,44.925,127.661,3,26,0,3,0,0,0,2515
638,22.5801,4,4,4,1111,66700,4,28.321,110.983,3,26,0,3,0,0,0,2518
639,22.6122,4,4,4,1111,66700,4,28.319,111.006,3,26,0,3,0,0,0,2522
640,22.6442,4,4,4,1111,66700,4,28.367,111.031,3,26,0,3,0,0,0,2526
641,22.6764,4,4,4,1111,66700,4,28.582,111.183,3,26,0,3,0,0,0,2530
642,22.7360,4,4,4,1111,66700,4,56.017,138.800,3,26,0,3,0,0,0,2538
643,22.7569,4,4,4,1111,66700,4,44.957,127.667,3,26,0,3,0,0,0,2539
644,22.7727,4,4,4,1111,66700,4,28.648,111.426,2,26,0,2,0,0,0,2542
645,22.8043,4,4,4,1111,66700,4,28.288,110.985,3,26,1,2,0,0,0,2546
646,22.8364,4,4,4,1111,66700,4,28.395,111.156,2,26,0,2,0,0,0,2550
647,22.8683,4,4,4,1111,66700,4,28.258,111.000,2,26,0,2,0,0,0,2554
648,22.9005,4,4,4,1111,66700,4,28.441,111.205,3,26,1,2,0,0,0,2557
649,22.9279,4,4,4,1111,66700,4,32.296,106.627,3,26,1,2,0,0,0,2560
650,22.9560,4,4,4,1111,66700,4,28.322,102.696,4,26,1,3,0,0,0,2563
651,22.9966,4,4,4,1111,66700,4,28.433,73.473,3,26,1,2,0,0,0,2568
652,23.0284,4,4,4,1111,66700,4,28.256,73.286,4,26,1,3,0,0,0,2572
653,23.0605,4,4,4,1111,66700,4,28.294,73.275,4,26,1,3,0,0,0,2576
654,23.0924,4,4,4,1111,66700,4,28.234,73.204,4,26,1,3,0,0,0,2580
655,23.1291,4,4,4,1111,66700,4,32.910,77.871,3,26,1,2,0,0,0,2584
656,23.1567,4,4,4,1111,66700,4,28.392,73.351,3,26,1,2,0,0,0,2588
657,23.1886,4,4,4,1111,66700,4,28.284,73.224,4,26,1,3,0,0,0,2592
658,23.2208,4,4,4,1111,66700,4,28.477,73.411,4,26,1,3,0,0,0,2596
659,23.2526,4,4,4,1111,66700,4,28.216,73.145,4,26,1,3,0,0,0,2599
660,23.2847,4,4,4,1111,66700,4,28.389,73.211,4,26,1,3,0,0,0,2602
661,23.3393,4,4,4,1111,66700,4,31.572,79.438,4,26,1,3,0,0,0,2608
662,23.3682,4,4,4,1111,66700,4,28.483,76.378,3,26,1,2,0,0,0,2612
663,23.4249,4,4,4,1111,66700,4,53.097,100.978,4,26,1,3,0,0,0,2619
664,23.4402,4,4,4,1111,66700,4,36.360,84.283,4,26,1,3,0,0,0,2622
665,23.4654,4,4,4,1111,66700,4,29.568,77.452,4,26,1,3,0,0,0,2624
666,23.4964,4,4,4,1111,66700,4,28.493,76.394,4,26,1,3,0,0,0,2627
667,23.5307,4,4,4,1111,66700,4,30.559,78.689,4,26,1,3,0,0,0,2629
668,23.5968,4,4,4,1111,66700,4,28.529,102.964,4,26,1,3,0,0,0,2637
669,23.6371,4,4,4,1111,66700,4,28.332,111.229,4,26,1,3,0,0,0,2642
670,23.6692,4,4,4,1111,66700,4,28.497,111.381,4,26,1,3,0,0,0,2646
671,23.7013,4,4,4,1111,66700,4,28.514,111.474,3,26,1,2,0,0,0,2650
672,23.7726,4,4,4,1111,66700,4,67.786,150.741,4,26,1,3,0,0,0,2659
673,23.7750,4,4,4,1111,66700,4,38.190,121.115,4,26,1,3,0,0,0,2659
674,23.7991,4,4,4,1111,66700,4,30.268,113.195,4,26,1,3,0,0,0,2662
675,23.8291,4,4,4,1111,66700,4,28.243,111.199,4,26,1,3,0,0,0,2666
676,23.8613,4,4,4,1111,66700,4,28.408,111.385,4,26,1,3,0,0,0,2670
677,23.8933,4,4,4,1111,66700,4,28.357,111.340,4,26,1,3,0,0,0,2674
678,23.9645,4,4,4,1111,66700,4,67.557,150.564,4,26,1,3,0,0,0,2682
679,23.9671,4,4,4,1111,66700,4,38.048,121.093,4,26,1,3,0,0,0,2683
680,23.9921,4,4,4,1111,66700,4,31.063,114.046,4,26,1,3,0,0,0,2686
681,24.0213,4,4,4,1111,66700,4,28.252,111.276,4,26,1,3,0,0,0,2690
682,24.0533,4,4,4,1111,66700,4,28.254,111.272,3,26,0,3,0,0,0,2694
683,24.0853,4,4,4,1111,66700,4,28.186,111.190,4,26,1,3,0,0,0,2698
684,24.1174,4,4,4,1111,66700,4,28.266,111.272,3,26,0,3,0,0,0,2702
685,24.1543,4,4,4,1111,66700,4,33.125,116.163,3,26,0,3,0,0,0,2706
686,24.1816,4,4,4,1111,66700,4,28.436,111.433,3,26,0,3,0,0,0,2710
687,24.2135,4,4,4,1111,66700,4,28.246,111.350,3,26,0,3,0,0,0,2714
688,24.2456,4,4,4,1111,66700,4,28.326,111.401,3,26,0,3,0,0,0,2718
689,24.2776,4,4,4,1111,66700,4,28.337,111.404,3,26,0,3,0,0,0,2722
690,24.3096,4,4,4,1111,66700,4,28.281,111.399,3,26,0,3,0,0,0,2725
691,24.3327,4,4,4,1111,66700,4,27.831,102.491,3,26,0,3,0,0,0,2726
692,24.3652,4,4,4,1111,66700,4,28.117,102.896,3,26,0,3,0,0,0,2731
693,24.4458,4,4,4,1111,66700,4,68.350,112.856,3,26,0,3,0,0,0,2741
694,24.4474,4,4,4,1111,66700,4,37.819,82.341,3,26,0,3,0,0,0,2741
695,24.4740,4,4,4,1111,66700,4,32.496,76.887,3,26,0,3,0,0,0,2744
696,24.5023,4,4,4,1111,66700,4,28.730,73.155,4,26,1,3,0,0,0,2748
697,24.5642,4,4,4,1111,66700,4,58.649,103.056,3,26,0,3,0,0,0,2756
698,24.5725,4,4,4,1111,66700,4,34.935,79.289,4,26,1,3,0,0,0,2756
699,24.5990,4,4,4,1111,66700,4,29.342,73.767,3,26,0,3,0,0,0,2760
700,24.6300,4,4,4,1111,66700,4,28.391,72.811,3,26,0,3,0,0,0,2764
701,24.6622,4,4,4,1111,66700,4,28.482,72.859,4,26,1,3,0,0,0,2767
702,24.6942,4,4,4,1111,66700,4,28.531,72.875,4,26,1,3,0,0,0,2770
703,24.7532,4,4,4,1111,66700,4,35.516,83.937,4,26,1,3,0,0,0,2777
704,24.7781,4,4,4,1111,66700,4,28.522,76.821,4,26,1,3,0,0,0,2780
705,24.8101,4,4,4,1111,66700,4,28.395,76.714,3,26,0,3,0,0,0,2784
706,24.8421,4,4,4,1111,66700,4,28.347,76.699,3,26,0,3,0,0,0,2788
707,24.8741,4,4,4,1111,66700,4,28.301,76.643,3,26,0,3,0,0,0,2792
708,24.9064,4,4,4,1111,66700,4,28.598,76.934,3,26,0,3,0,0,0,2795
709,24.9562,4,4,4,1111,66700,4,46.309,94.719,3,26,0,3,0,0,0,2798
710,25.0061,4,4,4,1111,66700,4,28.551,103.354,3,26,0,3,0,0,0,2805
711,25.0463,4,4,4,1111,66700,4,28.305,111.547,2,26,0,2,0,0,0,2810
712,25.0783,4,4,4,1111,66700,4,28.277,111.539,2,26,0,2,0,0,0,2814
713,25.1103,4,4,4,1111,66700,4,28.234,111.524,2,26,0,2,0,0,0,2818
714,25.1475,4,4,4,1111,66700,4,33.390,116.673,2,26,0,2,0,0,0,2822
715,25.1747,4,4,4,1111,66700,4,28.601,111.911,2,26,0,2,0,0,0,2826
716,25.2066,4,4,4,1111,66700,4,28.385,111.742,4,26,1,3,0,0,0,2830
717,25.2385,4,4,4,1111,66700,4,28.363,111.654,4,26,1,3,0,0,0,2834
718,25.2705,4,4,4,1111,66700,4,28.336,111.668,4,26,1,3,0,0,0,2838
719,25.3025,4,4,4,1111,66700,4,28.228,111.552,3,26,1,2,0,0,0,2842
720,25.3392,4,4,4,1111,66700,4,32.912,116.244,3,26,1,2,0,0,0,2846
721,25.3669,4,4,4,1111,66700,4,28.589,111.985,4,26,1,3,0,0,0,2850
722,25.3990,4,4,4,1111,66700,4,28.619,112.009,4,26,1,3,0,0,0,2854
723,25.4629,4,4,4,1111,66700,4,60.493,143.886,3,26,1,2,0,0,0,2862
724,25.4647,4,4,4,1111,66700,4,30.308,113.644,2,26,1,1,0,0,0,2862
725,25.4951,4,4,4,1111,66700,4,28.692,112.056,2,26,1,1,0,0,0,2866
726,25.5273,4,4,4,1111,66700,4,28.804,112.191,3,26,1,2,0,0,0,2870
727,25.5673,4,4,4,1111,66700,4,36.691,120.162,3,26,1,2,0,0,0,2875
728,25.5905,4,4,4,1111,66700,4,27.995,111.377,3,26,1,2,0,0,0,2878
729,25.6229,4,4,4,1111,66700,4,28.380,111.771,4,26,1,3,0,0,0,2882
730,25.6549,4,4,4,1111,66700,4,28.355,111.773,4,26,1,3,0,0,0,2886
731,25.6872,4,4,4,1111,66700,4,28.646,112.083,3,26,1,2,0,0,0,2890
732,25.7627,4,4,4,1111,66700,4,72.004,155.490,3,26,1,2,0,0,0,2897
733,25.7703,4,4,4,1111,66700,4,55.889,131.087,3,26,1,2,0,0,0,2898
734,25.7826,4,4,4,1111,66700,4,36.337,111.396,4,26,1,3,0,0,0,2900
735,25.8153,4,4,4,1111,66700,4,28.540,72.406,5,27,1,3,0,1,0,2904
736,25.8471,4,4,4,1111,66700,4,28.349,72.171,5,27,1,3,0,1,0,2908
737,25.8789,4,4,4,1111,66700,4,28.186,71.992,5,27,1,3,0,1,0,2912
738,25.9113,4,4,4,1111,66700,4,28.552,72.353,5,27,1,3,0,1,0,2916
739,25.9801,4,4,4,1111,66700,4,65.236,109.070,5,27,1,3,0,1,0,2924
740,25.9815,4,4,4,1111,66700,4,34.729,78.461,5,27,1,3,0,1,0,2924
741,26.0073,4,4,4,1111,66700,4,28.411,72.176,4,27,1,2,0,1,0,2928
742,26.0393,4,4,4,1111,66700,4,28.438,72.174,5,27,1,3,0,1,0,2932
743,26.0713,4,4,4,1111,66700,4,28.305,72.069,5,28,1,2,1,1,0,2935
744,26.1034,4,4,4,1111,66700,4,28.518,72.162,6,28,1,3,1,1,0,2938
745,26.1605,4,4,4,1111,66700,4,33.041,81.800,4,28,1,2,0,1,0,2945
746,26.1881,4,4,4,1111,66700,4,28.563,77.319,5,28,1,3,0,1,0,2948
747,26.2198,4,4,4,1111,66700,4,28.218,76.952,5,28,1,3,0,1,0,2952
748,26.2520,4,4,4,1111,66700,4,28.427,77.182,5,28,1,3,0,1,0,2956
749,26.2840,4,4,4,1111,66700,4,28.367,77.176,5,28,1,3,0,1,0,2960
750,26.3161,4,4,4,1111,66700,4,28.365,77.169,5,28,1,3,0,1,0,2963
751,26.3531,4,4,4,1111,66700,4,33.390,82.181,5,28,1,3,0,1,0,2966
752,26.4318,4,4,4,1111,66700,4,44.930,120.128,4,28,0,3,0,1,0,2975
753,26.4569,4,4,4,1111,66700,4,29.557,113.181,5,28,1,3,0,1,0,2978
754,26.4879,4,4,4,1111,66700,4,28.617,112.243,5,28,1,3,0,1,0,2982
755,26.5201,4,4,4,1111,66700,4,28.658,112.399,5,28,1,3,0,1,0,2986
756,26.5913,4,4,4,1111,66700,4,67.889,151.625,5,28,1,3,0,1,0,2995
757,26.5928,4,4,4,1111,66700,4,37.394,121.067,5,28,1,3,0,1,0,2995
758,26.6181,4,4,4,1111,66700,4,30.660,114.297,4,28,1,3,0,0,0,2998
759,26.6479,4,4,4,1111,66700,4,28.459,112.148,5,28,1,3,0,1,0,3002
760,26.6800,4,4,4,1111,66700,4,28.528,112.232,5,28,1,3,0,1,0,3006
761,26.7120,4,4,4,1111,66700,4,28.461,112.181,4,28,1,2,0,1,0,3010
762,26.7441,4,4,4,1111,66700,4,28.533,112.218,5,28,1,3,0,1,0,3014
763,26.7807,4,4,4,1111,66700,4,33.070,116.794,5,28,1,3,0,1,0,3018
764,26.8081,4,4,4,1111,66700,4,28.490,112.169,5,28,1,3,0,1,0,3022
765,26.8401,4,4,4,1111,66700,4,28.510,112.232,5,28,1,3,0,1,0,3026
766,26.8720,4,4,4,1111,66700,4,28.399,112.081,4,28,1,2,0,1,0,3030
767,26.9041,4,4,4,1111,66700,4,28.506,112.178,5,28,1,3,0,1,0,3034
768,26.9753,4,4,4,1111,66700,4,67.542,151.308,5,28,1,3,0,1,0,3042
769,26.9777,4,4,4,1111,66700,4,37.971,121.749,4,28,0,3,0,1,0,3043
770,27.0019,4,4,4,1111,66700,4,30.220,113.907,5,28,0,3,1,1,0,3046
771,27.0322,4,4,4,1111,66700,4,28.462,112.162,5,28,0,3,1,1,0,3050
772,27.0553,4,4,4,1111,66700,4,27.900,103.233,6,28,1,3,1,1,0,3052
773,27.0877,4,4,4,1111,66700,4,28.254,103.597,4,28,0,2,1,1,0,3056
774,27.1515,4,4,4,1111,66700,4,59.982,135.396,5,28,0,3,1,1,0,3062
775,27.1704,4,4,4,1111,66700,4,46.870,122.284,6,28,1,3,1,1,0,3065
776,27.1843,4,4,4,1111,66700,4,28.789,104.179,6,28,1,3,1,1,0,3066
777,27.2158,4,4,4,1111,66700,4,28.264,63.084,5,28,0,3,1,1,0,3070
778,27.2478,4,4,4,1111,66700,4,28.293,63.039,3,28,0,3,0,0,0,3074
779,27.2798,4,4,4,1111,66700,4,28.215,62.988,3,28,0,3,0,0,0,3078
780,27.3120,4,4,4,1111,66700,4,28.409,63.161,4,28,1,3,0,0,0,3082
781,27.3800,4,4,4,1111,66700,4,64.372,99.129,3,28,0,3,0,0,0,3092
782,27.3816,4,4,4,1111,66700,4,33.893,68.633,3,28,0,3,0,0,0,3092
783,27.4082,4,4,4,1111,66700,4,28.485,63.193,3,28,0,3,0,0,0,3094
784,27.4485,4,4,4,1111,66700,4,36.794,71.520,5,28,1,3,0,1,0,3100
785,27.4719,4,4,4,1111,66700,4,28.130,62.808,4,28,0,3,0,1,0,3102
786,27.5129,4,4,4,1111,66700,4,28.589,71.758,5,28,1,3,0,1,0,3106
787,27.5696,4,4,4,1111,66700,4,29.743,81.428,4,28,0,3,0,1,0,3113
788,27.6003,4,4,4,1111,66700,4,28.375,80.023,4,28,0,3,0,1,0,3116
789,27.6322,4,4,4,1111,66700,4,28.335,79.981,7,30,1,3,0,3,0,3120
790,27.6644,4,4,4,1111,66700,4,28.457,80.124,5,30,0,3,0,2,0,3124
791,27.6965,4,4,4,1111,66700,4,28.485,80.147,5,30,0,2,0,3,0,3128
792,27.7284,4,4,4,1111,66700,4,28.377,80.031,7,30,1,3,0,3,0,3131
793,27.7662,4,4,4,1111,66700,4,28.270,85.843,6,30,0,3,0,3,0,3134
794,27.8244,4,4,4,1111,66700,4,28.293,103.792,4,30,0,3,0,1,0,3140
795,27.8565,4,4,4,1111,66700,4,28.361,103.887,6,30,0,3,0,3,0,3144
796,27.8884,4,4,4,1111,66700,4,28.286,103.840,5,30,0,3,0,2,0,3148
797,27.9207,4,4,4,1111,66700,4,28.498,104.062,4,30,1,3,0,0,0,3152
798,27.9576,4,4,4,1111,66700,4,33.376,108.959,4,30,0,3,0,1,0,3158
799,27.9847,4,4,4,1111,66700,4,28.517,104.112,4,30,0,3,0,1,0,3160
800,28.0166,4,4,4,1111,66700,4,28.321,103.912,4,30,1,3,0,0,0,3164
801,28.0486,4,4,4,1111,66700,4,28.343,103.944,3,30,0,3,0,0,0,3168
802,28.0806,4,4,4,1111,66700,4,28.331,103.936,3,30,0,2,0,1,0,3172
803,28.1129,4,4,4,1111,66700,4,28.567,104.188,4,30,0,3,0,1,0,3176
804,28.1630,4,4,4,1111,66700,4,46.462,122.205,4,30,0,3,0,1,0,3183
805,28.1771,4,4,4,1111,66700,4,28.740,104.365,5,30,0,3,0,2,0,3184
806,28.2088,4,4,4,1111,66700,4,28.373,103.993,6,31,0,3,0,3,0,3188
807,28.2408,4,4,4,1111,66700,4,28.305,103.942,6,31,0,3,0,3,0,3192
808,28.2729,4,4,4,1111,66700,4,28.368,104.015,6,31,0,3,0,3,0,3196
809,28.3051,4,4,4,1111,66700,4,28.558,104.210,6,31,0,3,0,3,0,3200
810,28.3765,4,4,4,1111,66700,4,67.921,143.601,6,31,0,3,0,3,0,3210
811,28.3782,4,4,4,1111,66700,4,37.640,113.327,6,31,0,3,0,3,0,3210
812,28.4043,4,4,4,1111,66700,4,31.746,107.427,8,32,1,3,0,4,0,3213
813,28.4735,4,4,4,1111,66700,4,68.432,144.548,6,32,1,3,0,2,0,3222
814,28.4752,4,4,4,1111,66700,4,38.518,114.249,6,32,1,3,0,2,0,3222
815,28.5013,4,4,4,1111,66700,4,32.586,108.347,6,32,0,3,0,3,0,3226
816,28.5417,4,4,4,1111,66700,4,40.886,116.701,5,32,0,3,0,2,0,3229
817,28.5763,4,4,4,1111,66700,4,43.488,119.289,5,32,0,3,0,2,0,3232
818,28.5935,4,4,4,1111,66700,4,28.696,104.441,6,32,0,3,0,3,0,3234
819,28.6253,4,4,4,1111,66700,4,28.478,62.684,6,32,0,3,0,3,0,3238
820,28.6572,4,4,4,1111,66700,4,28.331,62.524,6,32,0,3,0,3,0,3242
821,28.6895,4,4,4,1111,66700,4,28.674,62.853,6,33,0,3,0,3,0,3246
822,28.7534,4,4,4,1111,66700,4,60.529,94.693,7,33,0,3,0,4,0,3254
823,28.7704,4,4,4,1111,66700,4,45.434,79.673,7,33,0,3,0,4,0,3257
824,28.7853,4,4,4,1111,66700,4,28.360,62.483,7,33,0,3,0,4,0,3258
825,28.8174,4,4,4,1111,66700,4,28.458,62.579,8,34,0,3,0,5,0,3262
826,28.8495,4,4,4,1111,66700,4,28.445,62.549,8,34,0,3,0,5,0,3266
827,28.8813,4,4,4,1111,66700,4,28.291,62.382,8,34,0,3,0,5,0,3270
828,28.9220,4,4,4,1111,66700,4,28.470,70.978,8,34,0,3,0,5,0,3274
829,28.9776,4,4,4,1111,66700,4,28.462,79.934,7,34,0,2,0,5,0,3280
830,29.0095,4,4,4,1111,66700,4,28.346,79.830,7,34,0,3,0,4,0,3284
831,29.0416,4,4,4,1111,66700,4,28.400,79.847,7,34,0,2,0,5,0,3288
832,29.0735,4,4,4,1111,66700,4,28.290,79.764,6,34,0,2,0,4,0,3292
833,29.1056,4,4,4,1111,66700,4,28.326,79.787,6,34,0,2,0,4,0,3296
834,29.1418,4,4,4,1111,66700,4,32.556,84.032,6,34,0,2,0,4,0,3300
835,29.1762,4,4,4,1111,66700,4,28.345,86.328,7,34,0,2,0,5,0,3302
836,29.2336,4,4,4,1111,66700,4,28.309,104.155,6,34,0,2,0,4,0,3308
837,29.2658,4,4,4,1111,66700,4,28.381,104.240,4,34,0,2,0,2,0,3312
838,29.2980,4,4,4,1111,66700,4,28.610,104.520,6,34,0,3,0,3,0,3316
839,29.3695,4,4,4,1111,66700,4,68.059,143.999,4,34,0,3,0,1,0,3326
840,29.3711,4,4,4,1111,66700,4,37.623,113.535,5,34,0,3,0,2,0,3326
841,29.3971,4,4,4,1111,66700,4,31.585,107.492,4,34,0,3,0,1,0,3329
842,29.4262,4,4,4,1111,66700,4,28.594,104.546,4,34,0,3,0,1,0,3332
843,29.4976,4,4,4,1111,66700,4,67.984,143.932,4,34,0,3,0,1,0,3342
844,29.4990,4,4,4,1111,66700,4,37.434,113.384,4,34,0,3,0,1,0,3342
845,29.5249,4,4,4,1111,66700,4,31.295,107.244,5,34,0,3,0,2,0,3345
846,29.5908,4,4,4,1111,66700,4,65.089,141.107,5,34,0,3,0,2,0,3354
847,29.5923,4,4,4,1111,66700,4,34.676,110.636,5,34,0,3,0,2,0,3354
848,29.6182,4,4,4,1111,66700,4,28.494,104.459,5,34,0,3,0,2,0,3356
849,29.6501,4,4,4,1111,66700,4,28.415,104.387,4,34,0,2,0,2,0,3360
850,29.6823,4,4,4,1111,66700,4,28.582,104.574,5,34,0,3,0,2,0,3364
851,29.7146,4,4,4,1111,66700,4,28.815,104.816,5,34,0,3,0,2,0,3368
852,29.7482,4,4,4,1111,66700,4,30.354,106.380,5,34,0,3,0,2,0,3373
853,29.7795,4,4,4,1111,66700,4,29.600,105.645,5,34,0,3,0,2,0,3376
854,29.8103,4,4,4,1111,66700,4,28.437,104.426,5,34,0,3,0,2,0,3380
855,29.8423,4,4,4,1111,66700,4,28.377,104.393,5,34,0,3,0,2,0,3384
856,29.8743,4,4,4,1111,66700,4,28.364,104.403,5,34,0,3,0,2,0,3388
857,29.9065,4,4,4,1111,66700,4,28.585,104.628,5,34,0,3,0,2,0,3392
858,29.9780,4,4,4,1111,66700,4,67.977,144.046,5,34,0,3,0,2,0,3400
859,29.9798,4,4,4,1111,66700,4,37.742,113.808,4,34,0,2,0,2,0,3400
860,30.0047,4,4,4,1111,66700,4,30.697,106.758,5,34,0,3,0,2,0,3403
861,30.0346,4,4,4,1111,66700,4,28.441,62.076,5,34,0,3,0,2,0,3406
862,30.0665,4,4,4,1111,66700,4,28.397,61.969,5,34,0,3,0,2,0,3410
863,30.0985,4,4,4,1111,66700,4,28.360,61.918,5,34,0,3,0,2,0,3414
864,30.1352,4,4,4,1111,66700,4,33.022,66.579,6,34,0,3,0,3,0,3420
865,30.1628,4,4,4,1111,66700,4,28.583,62.144,5,34,0,2,0,3,0,3422
866,30.1946,4,4,4,1111,66700,4,28.425,61.910,7,35,0,3,0,4,0,3426
867,30.2268,4,4,4,1111,66700,4,28.535,62.037,6,35,0,3,0,3,0,3430
868,30.2587,4,4,4,1111,66700,4,28.385,61.876,6,35,0,3,0,3,0,3434
869,30.2908,4,4,4,1111,66700,4,28.483,61.960,5,35,0,3,0,2,0,3438
870,30.3356,4,4,4,1111,66700,4,32.875,74.784,5,35,0,3,0,2,0,3442
871,30.3869,4,4,4,1111,66700,4,28.557,79.853,3,35,0,3,0,0,0,3448
872,30.4188,4,4,4,1111,66700,4,28.371,79.673,3,35,0,3,0,0,0,3452
873,30.4510,4,4,4,1111,66700,4,28.556,79.826,3,35,0,3,0,0,0,3456
874,30.5003,4,4,4,1111,66700,4,45.788,97.134,3,35,0,3,0,0,0,3463
875,30.5159,4,4,4,1111,66700,4,29.356,80.614,3,35,0,3,0,0,0,3464
876,30.5591,4,4,4,1111,66700,4,40.515,91.792,2,35,0,2,0,0,0,3468
877,30.5874,4,4,4,1111,66700,4,29.688,88.118,3,35,0,3,0,0,0,3470
878,30.6433,4,4,4,1111,66700,4,28.634,104.867,3,35,0,3,0,0,0,3476
879,30.6750,4,4,4,1111,66700,4,28.326,104.577,3,35,0,3,0,0,0,3480
880,30.7071,4,4,4,1111,66700,4,28.429,104.702,3,35,0,3,0,0,0,3484
881,30.7646,4,4,4,1111,66700,4,53.926,130.195,3,35,0,3,0,0,0,3492
882,30.7783,4,4,4,1111,66700,4,35.568,111.865,3,35,0,3,0,0,0,3494
883,30.8030,4,4,4,1111,66700,4,28.223,104.521,2,35,0,2,0,0,0,3496
884,30.8352,4,4,4,1111,66700,4,28.394,104.680,3,35,0,3,0,0,0,3500
885,30.8672,4,4,4,1111,66700,4,28.365,104.649,3,35,0,3,0,0,0,3504
886,30.8991,4,4,4,1111,66700,4,28.281,104.602,3,35,0,3,0,0,0,3508
887,30.9315,4,4,4,1111,66700,4,28.626,104.965,3,35,0,3,0,0,0,3512
888,30.9830,4,4,4,1111,66700,4,48.028,124.402,3,35,0,3,0,0,0,3519
889,30.9962,4,4,4,1111,66700,4,29.263,105.623,3,35,0,3,0,0,0,3520
890,31.0272,4,4,4,1111,66700,4,28.222,104.545,3,35,0,3,0,0,0,3524
891,31.0593,4,4,4,1111,66700,4,28.337,104.670,3,35,0,3,0,0,0,3528
892,31.0914,4,4,4,1111,66700,4,28.313,104.668,3,35,0,3,0,0,0,3532
893,31.1234,4,4,4,1111,66700,4,28.313,104.681,3,35,0,3,0,0,0,3536
894,31.1603,4,4,4,1111,66700,4,33.173,109.551,3,35,0,3,0,0,0,3542
895,31.1877,4,4,4,1111,66700,4,28.554,104.945,3,35,0,3,0,0,0,3544
896,31.2194,4,4,4,1111,66700,4,28.240,104.636,2,35,0,2,0,0,0,3548
897,31.2514,4,4,4,1111,66700,4,28.257,104.649,3,35,0,3,0,0,0,3552
898,31.2834,4,4,4,1111,66700,4,28.165,104.583,3,35,0,3,0,0,0,3556
899,31.3155,4,4,4,1111,66700,4,28.313,104.734,3,35,0,3,0,0,0,3560
900,31.3516,4,4,4,1111,66700,4,32.303,108.739,3,35,0,3,0,0,0,3565
901,31.3797,4,4,4,1111,66700,4,28.323,104.867,3,35,0,3,0,0,0,3566
902,31.4116,4,4,4,1111,66700,4,28.271,104.712,2,35,0,2,0,0,0,3570
903,31.4438,4,4,4,1111,66700,4,28.447,61.448,3,35,0,3,0,0,0,3574
904,31.5063,4,4,4,1111,66700,4,58.883,91.882,3,35,0,3,0,0,0,3582
905,31.5299,4,4,4,1111,66700,4,50.513,83.479,3,35,0,3,0,0,0,3585
906,31.5491,4,4,4,1111,66700,4,37.609,70.588,3,35,0,3,0,0,0,3588
907,31.6176,4,4,4,1111,66700,4,64.487,107.021,3,35,0,3,0,0,0,3596
908,31.6190,4,4,4,1111,66700,4,43.485,76.392,3,35,0,3,0,0,0,3596
909,31.6451,4,4,4,1111,66700,4,37.576,70.477,3,35,0,3,0,0,0,3600
910,31.6679,4,4,4,1111,66700,4,28.309,61.200,4,36,1,3,0,0,0,3602
911,31.7000,4,4,4,1111,66700,4,28.400,61.266,4,36,1,3,0,0,0,3606
912,31.7549,4,4,4,1111,66700,4,42.777,84.131,4,36,1,3,0,0,0,3611
913,31.7972,4,4,4,1111,66700,4,29.551,80.679,4,36,1,3,0,0,0,3616
914,31.8280,4,4,4,1111,66700,4,28.339,79.459,4,36,1,3,0,0,0,3620
915,31.8602,4,4,4,1111,66700,4,28.453,79.571,4,36,1,3,0,0,0,3624
916,31.8922,4,4,4,1111,66700,4,28.419,79.542,4,36,1,3,0,0,0,3628
917,31.9243,4,4,4,1111,66700,4,28.493,79.611,3,36,1,2,0,0,0,3632
918,31.9813,4,4,4,1111,66700,4,53.454,104.570,3,36,1,2,0,0,0,3637
919,31.9978,4,4,4,1111,66700,4,30.144,88.992,4,36,1,3,0,0,0,3638
920,32.0524,4,4,4,1111,66700,4,28.527,105.099,4,36,1,3,0,0,0,3644
921,32.0844,4,4,4,1111,66700,4,28.475,105.074,4,36,1,3,0,0,0,3648
922,32.1165,4,4,4,1111,66700,4,28.552,105.188,4,36,1,3,0,0,0,3652
923,32.1877,4,4,4,1111,66700,4,67.649,144.291,4,36,1,3,0,0,0,3662
924,32.1894,4,4,4,1111,66700,4,37.373,114.000,4,36,1,3,0,0,0,3662
925,32.2150,4,4,4,1111,66700,4,30.994,107.616,4,36,1,3,0,0,0,3664
926,32.2446,4,4,4,1111,66700,4,28.475,105.134,5,37,2,3,0,0,0,3668
927,32.2764,4,4,4,1111,66700,4,28.285,104.934,5,37,2,3,0,0,0,3672
928,32.3085,4,4,4,1111,66700,4,28.389,105.019,4,37,1,3,0,0,0,3676
929,32.3405,4,4,4,1111,66700,4,28.374,105.048,3,37,1,2,0,0,0,3680
930,32.3775,4,4,4,1111,66700,4,33.310,110.007,5,37,2,3,0,0,0,3686
931,32.4050,4,4,4,1111,66700,4,28.741,105.433,4,37,1,3,0,0,0,3688
932,32.4370,4,4,4,1111,66700,4,28.720,105.446,4,37,1,3,0,0,0,3692
933,32.4692,4,4,4,1111,66700,4,28.862,105.589,5,38,1,3,0,1,0,3696
934,32.5101,4,4,4,1111,66700,4,37.755,114.467,5,38,1,3,0,1,0,3702
935,32.5329,4,4,4,1111,66700,4,28.544,105.215,5,38,1,3,0,1,0,3704
936,32.6047,4,4,4,1111,66700,4,68.227,145.047,6,38,2,3,0,1,0,3714
937,32.6072,4,4,4,1111,66700,4,38.821,115.492,6,38,2,3,0,1,0,3714
938,32.6312,4,4,4,1111,66700,4,30.791,107.529,4,38,1,3,0,0,0,3716
939,32.6609,4,4,4,1111,66700,4,28.461,105.209,4,38,1,2,0,1,0,3720
940,32.6930,4,4,4,1111,66700,4,28.540,105.316,4,38,1,2,0,1,0,3724
941,32.7249,4,4,4,1111,66700,4,28.379,105.173,3,38,1,2,0,0,0,3728
942,32.7573,4,4,4,1111,66700,4,28.709,105.485,5,38,1,3,0,1,0,3731
943,32.7940,4,4,4,1111,66700,4,33.426,110.217,4,38,1,3,0,0,0,3736
944,32.8209,4,4,4,1111,66700,4,28.310,105.083,4,38,1,3,0,0,0,3738
945,32.8529,4,4,4,1111,66700,4,28.293,60.683,2,38,0,2,0,0,0,3742
946,32.8849,4,4,4,1111,66700,4,28.242,60.632,4,38,0,3,0,1,0,3746
947,32.9173,4,4,4,1111,66700,4,28.597,60.975,5,38,1,3,0,1,0,3750
948,32.9780,4,4,4,1111,66700,4,57.291,89.686,4,38,1,3,0,0,0,3758
949,32.9993,4,4,4,1111,66700,4,45.766,78.831,4,38,1,3,0,0,0,3761
950,33.0133,4,4,4,1111,66700,4,28.511,60.833,5,38,1,3,0,1,0,3762
951,33.0451,4,4,4,1111,66700,4,28.306,60.612,5,38,1,3,0,1,0,3766
952,33.0772,4,4,4,1111,66700,4,28.412,60.694,4,38,1,3,0,0,0,3770
953,33.1093,4,4,4,1111,66700,4,28.436,60.716,4,38,1,3,0,0,0,3774
954,33.1673,4,4,4,1111,66700,4,45.877,86.706,4,38,1,3,0,0,0,3780
955,33.2065,4,4,4,1111,66700,4,29.482,80.451,3,38,1,2,0,0,0,3784
956,33.2375,4,4,4,1111,66700,4,28.496,79.446,5,38,1,3,0,1,0,3788
957,33.2694,4,4,4,1111,66700,4,28.350,79.281,5,38,1,3,0,1,0,3792
958,33.3015,4,4,4,1111,66700,4,28.472,79.413,4,38,1,3,0,0,0,3796
959,33.3337,4,4,4,1111,66700,4,28.627,79.575,4,38,1,3,0,0,0,3800
960,33.3738,4,4,4,1111,66700,4,36.589,87.589,4,38,1,3,0,0,0,3804
961,33.4059,4,4,4,1111,66700,4,28.405,87.635,4,38,1,2,0,1,0,3806
962,33.4716,4,4,4,1111,66700,4,29.966,115.308,5,38,1,3,0,1,0,3814
963,33.5104,4,4,4,1111,66700,4,45.056,122.138,5,38,1,3,0,1,0,3818
964,33.5360,4,4,4,1111,66700,4,30.150,115.720,5,38,1,3,0,1,0,3822
965,33.6070,4,4,4,1111,66700,4,69.126,154.702,3,38,1,2,0,0,0,3831
966,33.6083,4,4,4,1111,66700,4,46.889,123.958,4,38,1,3,0,0,0,3831
967,33.6546,4,4,4,1111,66700,4,61.177,138.216,4,38,1,3,0,0,0,3836
968,33.6560,4,4,4,1111,66700,4,30.553,107.583,4,38,1,3,0,0,0,3836
969,33.6858,4,4,4,1111,66700,4,28.390,105.454,4,38,1,2,0,1,0,3840
970,33.7180,4,4,4,1111,66700,4,28.500,105.590,5,38,1,3,0,1,0,3844
971,33.7501,4,4,4,1111,66700,4,28.560,105.677,5,38,1,3,0,1,0,3848
972,33.7869,4,4,4,1111,66700,4,33.340,110.495,6,39,1,3,1,1,0,3854
973,33.8141,4,4,4,1111,66700,4,28.476,105.669,5,39,1,2,1,1,0,3856
974,33.8459,4,4,4,1111,66700,4,28.249,105.434,5,39,1,3,0,1,0,3860
975,33.8780,4,4,4,1111,66700,4,28.297,105.510,4,39,1,2,0,1,0,3864
976,33.9101,4,4,4,1111,66700,4,28.329,105.574,5,39,1,3,0,1,0,3868
977,33.9422,4,4,4,1111,66700,4,28.422,105.693,5,39,1,3,0,1,0,3872
978,33.9743,4,4,4,1111,66700,4,28.430,105.719,5,39,1,3,0,1,0,3876
979,34.0063,4,4,4,1111,66700,4,28.442,105.749,5,39,1,3,0,1,0,3880
980,34.0382,4,4,4,1111,66700,4,28.286,105.604,5,39,1,3,0,1,0,3884
981,34.0702,4,4,4,1111,66700,4,28.197,105.577,4,39,1,2,0,1,0,3888
982,34.1024,4,4,4,1111,66700,4,28.390,105.758,4,39,1,3,0,0,0,3892
983,34.1608,4,4,4,1111,66700,4,54.721,132.141,4,39,1,3,0,0,0,3899
984,34.1847,4,4,4,1111,66700,4,46.628,124.048,4,39,1,3,0,0,0,3902
985,34.1990,4,4,4,1111,66700,4,28.814,106.274,4,39,1,3,0,0,0,3902
986,34.2305,4,4,4,1111,66700,4,28.232,105.716,3,39,1,2,0,0,0,3906
987,34.2624,4,4,4,1111,66700,4,28.160,60.275,4,39,1,3,0,0,0,3910
988,34.2945,4,4,4,1111,66700,4,28.224,60.355,4,39,1,3,0,0,0,3914
989,34.3268,4,4,4,1111,66700,4,28.467,60.598,4,39,1,3,0,0,0,3918
990,34.3992,4,4,4,1111,66700,4,68.769,100.925,3,39,1,2,0,0,0,3928
991,34.4011,4,4,4,1111,66700,4,38.664,70.799,4,39,1,3,0,0,0,3928
992,34.4260,4,4,4,1111,66700,4,31.535,63.648,4,39,1,3,0,0,0,3930
993,34.4551,4,4,4,1111,66700,4,28.523,60.725,4,39,1,3,0,0,0,3934
994,34.4877,4,4,4,1111,66700,4,29.170,61.267,4,39,1,3,0,0,0,3938
995,34.5355,4,4,4,1111,66700,4,44.861,77.078,4,39,1,3,0,0,0,3944
996,34.5761,4,4,4,1111,66700,4,45.360,85.541,4,39,1,3,0,0,0,3948
997,34.6152,4,4,4,1111,66700,4,28.480,79.728,4,39,1,3,0,0,0,3952
998,34.6473,4,4,4,1111,66700,4,28.508,79.788,5,40,1,3,1,0,0,3956
999,34.6791,4,4,4,1111,66700,4,28.340,79.618,5,40,1,3,1,0,0,3960
1000,34.7113,4,4,4,1111,66700,4,28.492,79.774,5,40,1,3,1,0,0,3964
1001,34.7434,4,4,4,1111,66700,4,28.480,79.778,5,40,1,3,1,0,0,3968
1002,34.7799,4,4,4,1111,66700,4,32.989,84.284,5,40,1,3,1,0,0,3972
1003,34.8158,4,4,4,1111,66700,4,28.284,88.097,5,40,1,3,1,0,0,3974
1004,34.8714,4,4,4,1111,66700,4,28.356,106.204,5,40,1,3,1,0,0,3980
1005,34.9034,4,4,4,1111,66700,4,28.301,106.185,5,40,1,3,1,0,0,3984
1006,34.9356,4,4,4,1111,66700,4,28.424,106.351,5,40,1,3,1,0,0,3988
1007,34.9677,4,4,4,1111,66700,4,28.527,106.484,5,40,1,3,1,0,0,3992
1008,34.9995,4,4,4,1111,66700,4,28.224,106.219,5,40,1,3,1,0,0,3996
1009,35.0315,4,4,4,1111,66700,4,28.268,106.278,5,40,1,3,1,0,0,4000
1010,35.0637,4,4,4,1111,66700,4,28.414,106.426,5,40,1,3,1,0,0,4004
1011,35.0956,4,4,4,1111,66700,4,28.252,106.294,5,40,1,3,1,0,0,4008
1012,35.1277,4,4,4,1111,66700,4,28.292,106.366,4,40,1,2,1,0,0,4012
1013,35.1598,4,4,4,1111,66700,4,28.347,106.413,4,40,1,2,1,0,0,4016
1014,35.1969,4,4,4,1111,66700,4,33.399,111.513,4,40,1,2,1,0,0,4022
1015,35.2240,4,4,4,1111,66700,4,28.540,106.668,4,40,1,2,1,0,0,4024
1016,35.2558,4,4,4,1111,66700,4,28.282,106.417,4,40,1,2,1,0,0,4028
1017,35.2878,4,4,4,1111,66700,4,28.218,106.363,4,40,1,2,1,0,0,4032
1018,35.3202,4,4,4,1111,66700,4,28.533,106.711,5,40,1,3,1,0,0,4036
1019,35.3916,4,4,4,1111,66700,4,67.865,146.102,5,40,1,3,1,0,0,4046
1020,35.3930,4,4,4,1111,66700,4,37.266,115.528,5,40,1,3,1,0,0,4046
1021,35.4183,4,4,4,1111,66700,4,30.537,108.780,5,40,1,3,1,0,0,4048
1022,35.4482,4,4,4,1111,66700,4,28.381,106.644,5,40,1,3,1,0,0,4052
1023,35.4805,4,4,4,1111,66700,4,28.642,106.928,4,40,1,2,1,0,0,4056
1024,35.5520,4,4,4,1111,66700,4,68.056,146.431,4,40,1,3,0,0,0,4066
1025,35.5535,4,4,4,1111,66700,4,37.497,115.885,4,40,1,3,0,0,0,4066
1026,35.6188,4,4,4,1111,66700,4,70.802,149.171,5,40,1,3,1,0,0,4072
1027,35.6205,4,4,4,1111,66700,4,40.458,118.861,5,40,1,3,1,0,0,4072
1028,35.6468,4,4,4,1111,66700,4,34.760,113.141,5,40,1,3,1,0,0,4076
1029,35.6725,4,4,4,1111,66700,4,28.354,60.498,5,40,1,3,1,0,0,4078
1030,35.7046,4,4,4,1111,66700,4,28.384,60.526,4,40,1,2,1,0,0,4082
1031,35.7369,4,4,4,1111,66700,4,28.646,60.807,5,40,1,3,1,0,0,4086
1032,35.8080,4,4,4,1111,66700,4,67.757,99.907,5,40,1,3,1,0,0,4096
1033,35.8094,4,4,4,1111,66700,4,37.069,69.230,4,40,1,2,1,0,0,4096
1034,35.8346,4,4,4,1111,66700,4,30.303,62.420,4,40,1,2,1,0,0,4098
1035,35.8648,4,4,4,1111,66700,4,28.388,60.515,5,40,1,3,1,0,0,4102
1036,35.8967,4,4,4,1111,66700,4,28.255,60.410,5,40,1,3,1,0,0,4106
1037,35.9289,4,4,4,1111,66700,4,28.446,60.605,5,40,1,3,1,0,0,4110
1038,35.9684,4,4,4,1111,66700,4,28.495,68.045,4,40,1,2,1,0,0,4114
1039,36.0250,4,4,4,1111,66700,4,28.373,80.046,4,40,1,2,1,0,0,4120
1040,36.0570,4,4,4,1111,66700,4,28.343,80.045,4,40,1,2,1,0,0,4124
1041,36.0889,4,4,4,1111,66700,4,28.244,79.948,3,40,1,2,0,0,0,4128
1042,36.1211,4,4,4,1111,66700,4,28.369,80.097,4,40,1,2,1,0,0,4132
1043,36.1531,4,4,4,1111,66700,4,28.293,80.023,3,40,1,2,0,0,0,4136
1044,36.1901,4,4,4,1111,66700,4,33.291,85.012,4,40,1,3,0,0,0,4140
1045,36.2256,4,4,4,1111,66700,4,28.359,88.532,4,40,1,3,0,0,0,4142
1046,36.2813,4,4,4,1111,66700,4,28.379,107.213,2,40,1,1,0,0,0,4148
1047,36.3133,4,4,4,1111,66700,4,28.309,107.166,2,40,1,1,0,0,0,4152
1048,36.3454,4,4,4,1111,66700,4,28.337,107.232,3,40,1,2,0,0,0,4156
1049,36.3817,4,4,4,1111,66700,4,32.599,111.525,4,40,1,3,0,0,0,4162
1050,36.4097,4,4,4,1111,66700,4,28.561,107.521,4,40,1,3,0,0,0,4164
1051,36.4415,4,4,4,1111,66700,4,28.339,107.293,3,40,0,3,0,0,0,4168
1052,36.4738,4,4,4,1111,66700,4,28.560,107.571,3,40,0,3,0,0,0,4172
1053,36.5461,4,4,4,1111,66700,4,68.818,147.875,3,40,0,3,0,0,0,4182
1054,36.5478,4,4,4,1111,66700,4,38.511,117.580,3,40,1,2,0,0,0,4182
1055,36.6017,4,4,4,1111,66700,4,60.279,139.388,2,40,0,2,0,0,0,4188
1056,36.6236,4,4,4,1111,66700,4,50.198,129.241,4,40,1,3,0,0,0,4192
1057,36.6349,4,4,4,1111,66700,4,29.466,108.548,4,40,1,3,0,0,0,4192
1058,36.6659,4,4,4,1111,66700,4,28.473,107.563,4,40,1,3,0,0,0,4196
1059,36.6979,4,4,4,1111,66700,4,28.429,107.554,4,40,1,3,0,0,0,4200
1060,36.7302,4,4,4,1111,66700,4,28.671,107.835,4,40,1,3,0,0,0,4204
1061,36.8027,4,4,4,1111,66700,4,69.023,148.330,4,40,1,3,0,0,0,4214
1062,36.8042,4,4,4,1111,66700,4,38.608,117.818,3,40,1,2,0,0,0,4214
1063,36.8306,4,4,4,1111,66700,4,32.949,112.156,3,40,1,2,0,0,0,4218
1064,36.8581,4,4,4,1111,66700,4,28.410,107.657,3,40,1,2,0,0,0,4220
1065,36.8901,4,4,4,1111,66700,4,28.328,107.568,4,40,1,3,0,0,0,4224
1066,36.9224,4,4,4,1111,66700,4,28.587,107.854,3,40,1,2,0,0,0,4228
1067,36.9844,4,4,4,1111,66700,4,58.576,137.894,3,40,1,2,0,0,0,4235
1068,37.0049,4,4,4,1111,66700,4,46.863,126.345,4,40,1,3,0,0,0,4238
1069,37.0186,4,4,4,1111,66700,4,28.677,108.031,3,40,1,2,0,0,0,4238
1070,37.0503,4,4,4,1111,66700,4,28.337,107.672,4,41,2,2,0,0,0,4242
1071,37.0823,4,4,4,1111,66700,4,28.334,60.470,4,41,2,2,0,0,0,4246
1072,37.1145,4,4,4,1111,66700,4,28.434,60.566,4,41,2,2,0,0,0,4250
1073,37.1464,4,4,4,1111,66700,4,28.328,60.472,4,41,2,2,0,0,0,4254
1074,37.1833,4,4,4,1111,66700,4,33.129,65.266,4,41,2,2,0,0,0,4260
1075,37.2106,4,4,4,1111,66700,4,28.436,60.577,4,41,2,2,0,0,0,4262
1076,37.2426,4,4,4,1111,66700,4,28.350,60.473,4,41,2,2,0,0,0,4266
1077,37.2746,4,4,4,1111,66700,4,28.323,60.456,4,41,2,2,0,0,0,4270
1078,37.3067,4,4,4,1111,66700,4,28.340,60.499,4,41,2,2,0,0,0,4274
1079,37.3388,4,4,4,1111,66700,4,28.481,60.597,4,41,2,2,0,0,0,4278
1080,37.3824,4,4,4,1111,66700,4,33.226,72.149,4,41,2,2,0,0,0,4282
1081,37.4349,4,4,4,1111,66700,4,28.450,80.585,4,41,2,2,0,0,0,4288
1082,37.4675,4,4,4,1111,66700,4,29.040,81.151,4,41,2,2,0,0,0,4292
1083,37.4993,4,4,4,1111,66700,4,28.695,80.870,5,41,2,3,0,0,0,4296
1084,37.5886,4,4,4,1111,66700,4,85.973,138.128,5,41,2,3,0,0,0,4307
1085,37.6071,4,4,4,1111,66700,4,72.477,124.558,6,42,3,3,0,0,0,4308
1086,37.6087,4,4,4,1111,66700,4,42.015,94.168,5,42,3,2,0,0,0,4308
1087,37.6356,4,4,4,1111,66700,4,28.473,89.016,6,42,3,3,0,0,0,4310
1088,37.6915,4,4,4,1111,66700,4,28.691,108.463,5,42,2,3,0,0,0,4316
1089,37.7234,4,4,4,1111,66700,4,28.499,108.343,7,44,2,3,2,0,0,4320
1090,37.7953,4,4,4,1111,66700,4,68.438,148.270,8,45,3,2,3,0,0,4330
1091,37.7971,4,4,4,1111,66700,4,38.076,117.984,7,45,2,2,3,0,0,4330
1092,37.8229,4,4,4,1111,66700,4,31.908,111.773,7,45,3,3,1,0,0,4333
1093,37.8517,4,4,4,1111,66700,4,28.336,108.539,8,45,3,3,2,0,0,4336
1094,37.8834,4,4,4,1111,66700,4,28.349,108.265,9,45,3,3,3,0,0,4340
1095,37.9156,4,4,4,1111,66700,4,28.509,108.458,7,45,2,2,3,0,0,4344
1096,37.9481,4,4,4,1111,66700,4,28.887,108.878,6,45,2,2,2,0,0,4348
1097,37.9984,4,4,4,1111,66700,4,47.188,127.189,7,45,2,3,2,0,0,4355
1098,38.0136,4,4,4,1111,66700,4,30.328,110.336,6,45,2,2,2,0,0,4357
1099,38.0436,4,4,4,1111,66700,4,28.346,108.387,7,45,2,3,2,0,0,4360
1100,38.0757,4,4,4,1111,66700,4,28.346,108.391,7,45,2,3,2,0,0,4364
1101,38.1079,4,4,4,1111,66700,4,28.491,108.584,8,46,2,3,3,0,0,4368
1102,38.1401,4,4,4,1111,66700,4,28.690,108.806,9,47,2,3,3,1,0,4372
1103,38.2121,4,4,4,1111,66700,4,68.631,148.762,9,47,2,3,3,1,0,4382
1104,38.2137,4,4,4,1111,66700,4,37.808,118.388,8,47,2,2,3,1,0,4382
1105,38.2389,4,4,4,1111,66700,4,31.382,111.514,9,47,2,3,3,1,0,4385
1106,38.2679,4,4,4,1111,66700,4,28.323,108.512,8,47,2,2,3,1,0,4388
1107,38.3000,4,4,4,1111,66700,4,28.405,108.609,6,47,2,0,3,1,0,4392
1108,38.3321,4,4,4,1111,66700,4,28.442,108.655,6,47,2,0,3,1,0,4396
1109,38.3641,4,4,4,1111,66700,4,28.356,108.609,6,47,2,0,3,1,0,4400
1110,38.3961,4,4,4,1111,66700,4,28.359,108.614,6,47,2,0,3,1,0,4403
1111,38.4282,4,4,4,1111,66700,4,28.380,108.655,6,47,2,0,3,1,0,4406
1112,38.4602,4,4,4,1111,66700,4,28.357,108.648,5,47,2,0,2,1,0,4410
1113,38.4930,4,4,4,1111,66700,4,29.149,61.308,5,47,1,0,3,1,0,4414
1114,38.5959,4,4,4,1111,66700,4,99.957,132.109,6,47,2,0,3,1,0,4428
1115,38.6138,4,4,4,1111,66700,4,85.753,117.944,4,47,2,0,1,1,0,4430
1116,38.6275,4,4,4,1111,66700,4,67.379,99.587,8,49,2,2,3,1,0,4432
1117,38.6289,4,4,4,1111,66700,4,36.896,68.997,8,49,2,2,3,1,0,4432
1118,38.6554,4,4,4,1111,66700,4,31.320,63.454,7,49,2,1,3,1,0,4435
1119,38.6846,4,4,4,1111,66700,4,28.453,60.613,5,49,2,1,1,1,0,4438
1120,38.7167,4,4,4,1111,66700,4,28.552,60.677,7,49,2,1,3,1,0,4442
1121,38.7487,4,4,4,1111,66700,4,28.510,60.637,7,49,2,1,3,1,0,4446
1122,38.7917,4,4,4,1111,66700,4,33.238,71.546,7,49,2,2,2,1,0,4450
1123,38.8447,4,4,4,1111,66700,4,28.404,80.935,7,49,2,2,2,1,0,4456
1124,38.8767,4,4,4,1111,66700,4,28.362,80.887,7,49,2,2,2,1,0,4460
1125,38.9088,4,4,4,1111,66700,4,28.392,80.948,6,49,2,1,2,1,0,4464
1126,38.9411,4,4,4,1111,66700,4,28.656,81.208,8,49,2,2,3,1,0,4468
1127,39.0071,4,4,4,1111,66700,4,62.605,115.183,7,49,2,2,2,1,0,4475
1128,39.0085,4,4,4,1111,66700,4,31.905,84.471,8,49,2,2,3,1,0,4475
1129,39.0454,4,4,4,1111,66700,4,28.346,89.358,7,49,2,1,3,1,0,4478
1130,39.1011,4,4,4,1111,66700,4,28.437,109.170,7,49,2,1,3,1,0,4484
1131,39.1334,4,4,4,1111,66700,4,28.714,109.476,8,49,2,2,3,1,0,4488
1132,39.2059,4,4,4,1111,66700,4,69.155,149.962,8,50,2,1,4,1,0,4498
1133,39.2076,4,4,4,1111,66700,4,38.736,119.560,7,50,2,1,3,1,0,4498
1134,39.2322,4,4,4,1111,66700,4,31.332,112.157,7,50,2,2,2,1,0,4501
1135,39.2613,4,4,4,1111,66700,4,28.323,109.214,6,50,1,2,2,1,0,4504
1136,39.2933,4,4,4,1111,66700,4,28.347,109.135,6,50,1,2,2,1,0,4508
1137,39.3254,4,4,4,1111,66700,4,28.446,109.334,6,50,2,2,2,0,0,4512
1138,39.3853,4,4,4,1111,66700,4,56.287,137.200,6,50,2,2,2,0,0,4520
1139,39.3975,4,4,4,1111,66700,4,36.149,117.345,6,50,2,2,2,0,0,4522
1140,39.4218,4,4,4,1111,66700,4,28.667,109.639,7,50,2,2,3,0,0,4524
1141,39.4537,4,4,4,1111,66700,4,28.509,109.472,7,50,2,2,3,0,0,4528
1142,39.4859,4,4,4,1111,66700,4,28.697,109.711,7,50,2,2,3,0,0,4532
1143,39.5441,4,4,4,1111,66700,4,54.760,135.844,7,50,2,2,3,0,0,4540
1144,39.5585,4,4,4,1111,66700,4,37.176,118.291,8,51,2,2,4,0,0,4542
1145,39.6218,4,4,4,1111,66700,4,68.454,149.571,8,51,2,2,4,0,0,4550
1146,39.6234,4,4,4,1111,66700,4,38.033,119.132,8,51,2,2,4,0,0,4550
1147,39.6502,4,4,4,1111,66700,4,32.783,113.920,9,52,2,2,4,1,0,4554
1148,39.6781,4,4,4,1111,66700,4,28.629,109.777,9,52,2,2,4,1,0,4556
1149,39.7101,4,4,4,1111,66700,4,28.543,109.712,8,52,2,2,3,1,0,4560
1150,39.7423,4,4,4,1111,66700,4,28.686,109.901,8,52,2,2,3,1,0,4564
1151,39.7742,4,4,4,1111,66700,4,28.521,109.768,8,52,2,2,3,1,0,4568
1152,39.8111,4,4,4,1111,66700,4,33.503,114.709,7,52,2,2,2,1,0,4573
1153,39.8382,4,4,4,1111,66700,4,28.509,109.762,7,52,2,2,2,1,0,4574
1154,39.8702,4,4,4,1111,66700,4,28.445,109.701,7,52,2,2,2,1,0,4578
1155,39.9022,4,4,4,1111,66700,4,28.421,60.568,6,52,2,2,2,0,0,4582
1156,39.9343,4,4,4,1111,66700,4,28.519,60.657,7,52,2,2,2,1,0,4586
1157,39.9664,4,4,4,1111,66700,4,28.510,60.675,6,52,2,1,2,1,0,4590
1158,40.0022,4,4,4,1111,66700,4,32.271,64.392,6,52,1,2,2,1,0,4596
1159,40.0303,4,4,4,1111,66700,4,28.419,60.541,5,52,1,1,2,1,0,4598
1160,40.0625,4,4,4,1111,66700,4,28.500,60.644,6,52,1,2,2,1,0,4602
1161,40.0945,4,4,4,1111,66700,4,28.480,60.620,6,52,1,2,2,1,0,4606
1162,40.1266,4,4,4,1111,66700,4,28.547,60.692,6,52,1,2,2,1,0,4610
1163,40.1778,4,4,4,1111,66700,4,47.599,79.792,6,52,1,2,2,1,0,4617
1164,40.2011,4,4,4,1111,66700,4,33.261,71.022,6,52,1,2,2,1,0,4618
1165,40.2548,4,4,4,1111,66700,4,28.532,81.498,4,52,1,2,1,0,0,4624
1166,40.2866,4,4,4,1111,66700,4,28.306,81.332,5,52,1,2,1,1,0,4628
1167,40.3186,4,4,4,1111,66700,4,28.288,81.290,6,52,1,2,2,1,0,4632
1168,40.3511,4,4,4,1111,66700,4,28.707,81.744,5,52,1,2,1,1,0,4636
1169,40.3910,4,4,4,1111,66700,4,36.526,89.605,4,52,1,2,0,1,0,4642
1170,40.4158,4,4,4,1111,66700,4,29.324,82.313,3,52,1,2,0,0,0,4643
1171,40.4553,4,4,4,1111,66700,4,28.409,89.816,4,52,1,2,0,1,0,4646
1172,40.5115,4,4,4,1111,66700,4,28.845,110.579,4,52,1,2,0,1,0,4652
1173,40.6121,4,4,4,1111,66700,4,97.396,179.178,3,52,1,2,0,0,0,4666
1174,40.6304,4,4,4,1111,66700,4,83.600,165.439,4,52,1,2,0,1,0,4668
1175,40.6365,4,4,4,1111,66700,4,57.717,139.564,4,52,1,2,0,1,0,4668
1176,40.6470,4,4,4,1111,66700,4,36.266,118.076,4,52,1,2,0,1,0,4670
1177,40.6711,4,4,4,1111,66700,4,28.278,110.088,3,52,1,2,0,0,0,4672
1178,40.7033,4,4,4,1111,66700,4,28.467,110.288,3,52,1,2,0,0,0,4676
1179,40.7354,4,4,4,1111,66700,4,28.572,110.421,3,52,1,2,0,0,0,4680
1180,40.7673,4,4,4,1111,66700,4,28.374,110.290,3,52,1,2,0,0,0,4684
1181,40.8040,4,4,4,1111,66700,4,32.998,114.928,4,52,1,2,0,1,0,4690
1182,40.8315,4,4,4,1111,66700,4,28.533,110.471,4,52,1,2,0,1,0,4692
1183,40.8636,4,4,4,1111,66700,4,28.511,110.518,5,52,1,2,1,1,0,4696
1184,40.8957,4,4,4,1111,66700,4,28.639,110.631,4,52,1,2,1,0,0,4700
1185,40.9277,4,4,4,1111,66700,4,28.542,110.571,5,52,1,2,1,1,0,4704
1186,40.9597,4,4,4,1111,66700,4,28.490,110.545,5,53,1,2,2,0,0,4708
1187,40.9916,4,4,4,1111,66700,4,28.336,110.372,5,53,1,2,2,0,0,4712
1188,41.0238,4,4,4,1111,66700,4,28.468,110.537,5,53,0,2,2,1,0,4716
1189,41.0557,4,4,4,1111,66700,4,28.394,110.495,5,53,0,2,2,1,0,4720
1190,41.0877,4,4,4,1111,66700,4,28.332,110.443,4,53,0,2,1,1,0,4724
1191,41.1197,4,4,4,1111,66700,4,28.329,110.473,6,54,1,2,2,1,0,4728
1192,41.1519,4,4,4,1111,66700,4,28.406,110.607,6,54,1,2,2,1,0,4732
1193,41.1840,4,4,4,1111,66700,4,28.494,110.682,5,54,1,2,2,0,0,4736
1194,41.2210,4,4,4,1111,66700,4,33.461,115.681,5,54,1,2,2,0,0,4741
1195,41.2481,4,4,4,1111,66700,4,28.489,110.704,6,55,1,2,3,0,0,4742
1196,41.2800,4,4,4,1111,66700,4,28.417,110.672,6,55,1,2,3,0,0,4746
1197,41.3120,4,4,4,1111,66700,4,28.326,60.470,6,55,1,2,3,0,0,4750
1198,41.3442,4,4,4,1111,66700,4,28.481,60.642,6,55,1,2,3,0,0,4754
1199,41.4030,4,4,4,1111,66700,4,55.123,87.363,6,55,1,2,3,0,0,4762
1200,41.4262,4,4,4,1111,66700,4,46.437,78.579,6,55,1,2,3,0,0,4766
1201,41.4405,4,4,4,1111,66700,4,28.641,60.779,6,55,1,2,3,0,0,4767
1202,41.4727,4,4,4,1111,66700,4,28.797,60.966,5,55,1,2,2,0,0,4771
1203,41.5046,4,4,4,1111,66700,4,28.660,60.863,4,55,1,2,1,0,0,4775
1204,41.5369,4,4,4,1111,66700,4,28.868,61.110,6,55,1,2,2,1,0,4779
1205,41.6234,4,4,4,1111,66700,4,83.346,115.517,5,55,1,2,1,1,0,4788
1206,41.6248,4,4,4,1111,66700,4,47.628,84.884,7,56,1,2,4,0,0,4788
1207,41.6648,4,4,4,1111,66700,4,28.671,82.064,5,56,1,2,2,0,0,4793
1208,41.6968,4,4,4,1111,66700,4,28.634,82.070,6,56,1,2,3,0,0,4797
1209,41.7287,4,4,4,1111,66700,4,28.470,81.900,6,56,1,2,2,1,0,4801
1210,41.7611,4,4,4,1111,66700,4,28.744,82.222,6,56,1,2,2,1,0,4805
1211,41.8276,4,4,4,1111,66700,4,63.282,116.765,5,56,1,2,2,0,0,4811
1212,41.8295,4,4,4,1111,66700,4,33.148,86.598,5,56,1,2,2,0,0,4812
1213,41.8651,4,4,4,1111,66700,4,28.298,90.153,5,56,1,2,2,0,0,4814
1214,41.9210,4,4,4,1111,66700,4,28.551,111.230,5,56,1,2,2,0,0,4821
1215,41.9530,4,4,4,1111,66700,4,28.525,111.244,6,57,1,3,2,0,0,4825
1216,41.9895,4,4,4,1111,66700,4,32.919,115.671,5,57,1,2,2,0,0,4830
1217,42.0174,4,4,4,1111,66700,4,28.677,111.502,6,57,1,3,2,0,0,4833
1218,42.0491,4,4,4,1111,66700,4,28.435,111.199,5,57,0,3,2,0,0,4837
1219,42.0811,4,4,4,1111,66700,4,28.364,111.172,6,57,1,3,2,0,0,4841
1220,42.1130,4,4,4,1111,66700,4,28.280,111.095,5,57,1,2,2,0,0,4845
1221,42.1452,4,4,4,1111,66700,4,28.483,111.308,6,57,1,3,2,0,0,4849
1222,42.1773,4,4,4,1111,66700,4,28.491,111.364,6,58,1,2,3,0,0,4853
1223,42.2106,4,4,4,1111,66700,4,29.706,112.599,5,58,1,2,2,0,0,4857
1224,42.2412,4,4,4,1111,66700,4,28.274,111.162,6,58,1,3,2,0,0,4861
1225,42.2735,4,4,4,1111,66700,4,28.537,111.493,4,58,1,0,3,0,0,4865
1226,42.3055,4,4,4,1111,66700,4,28.528,111.444,4,58,1,0,3,0,0,4869
1227,42.3376,4,4,4,1111,66700,4,28.535,111.507,6,58,1,2,3,0,0,4873
1228,42.3695,4,4,4,1111,66700,4,28.404,111.384,5,58,1,1,3,0,0,4877
1229,42.4065,4,4,4,1111,66700,4,33.351,116.380,3,58,0,0,3,0,0,4882
1230,42.4338,4,4,4,1111,66700,4,28.642,111.659,4,58,1,0,3,0,0,4885
1231,42.4657,4,4,4,1111,66700,4,28.455,111.511,2,58,1,0,1,0,0,4889
1232,42.4979,4,4,4,1111,66700,4,28.628,111.716,2,58,1,0,1,0,0,4893
1233,42.5300,4,4,4,1111,66700,4,28.694,111.822,1,58,1,0,0,0,0,4897
1234,42.6185,4,4,4,1111,66700,4,85.098,168.285,1,58,1,0,0,0,0,4907
1235,42.6270,4,4,4,1111,66700,4,61.660,144.819,1,58,1,0,0,0,0,4908
1236,42.6655,4,4,4,1111,66700,4,68.123,151.277,1,58,1,0,0,0,0,4912
1237,42.6663,4,4,4,1111,66700,4,36.787,119.966,1,58,1,0,0,0,0,4912
1238,42.6961,4,4,4,1111,66700,4,32.217,117.750,1,58,1,0,0,0,0,4916
1239,42.7235,4,4,4,1111,66700,4,29.356,61.579,1,58,1,0,0,0,0,4919
1240,42.7545,4,4,4,1111,66700,4,28.795,60.970,1,58,1,0,0,0,0,4923
1241,42.8266,4,4,4,1111,66700,4,68.888,101.018,2,59,1,1,0,0,0,4932
1242,42.8280,4,4,4,1111,66700,4,38.317,70.446,1,59,1,0,0,0,0,4932
1243,42.8532,4,4,4,1111,66700,4,31.518,63.656,1,59,1,0,0,0,0,4935
1244,42.8820,4,4,4,1111,66700,4,28.262,60.442,0,59,0,0,0,0,0,4939
1245,42.9143,4,4,4,1111,66700,4,28.431,60.591,1,59,0,1,0,0,0,4943
1246,42.9465,4,4,4,1111,66700,4,28.656,60.837,1,59,0,1,0,0,0,4947
1247,42.9951,4,4,4,1111,66700,4,45.145,77.313,1,59,0,1,0,0,0,4953
1248,43.0191,4,4,4,1111,66700,4,32.773,69.362,2,59,1,1,0,0,0,4954
1249,43.0745,4,4,4,1111,66700,4,28.504,82.222,1,59,0,1,0,0,0,4961
1250,43.1063,4,4,4,1111,66700,4,28.222,82.083,1,59,0,1,0,0,0,4965
1251,43.1386,4,4,4,1111,66700,4,28.532,82.374,2,59,1,1,0,0,0,4969
1252,43.1705,4,4,4,1111,66700,4,28.380,82.250,3,60,1,1,0,1,0,4973
1253,43.2075,4,4,4,1111,66700,4,33.313,87.210,2,60,0,1,0,1,0,4978
1254,43.2346,4,4,4,1111,66700,4,28.397,82.257,2,60,1,1,0,0,0,4979
1255,43.2749,4,4,4,1111,66700,4,28.318,90.575,1,60,0,1,0,0,0,4982
1256,43.3306,4,4,4,1111,66700,4,28.317,111.919,2,60,0,1,0,1,0,4989
1257,43.3628,4,4,4,1111,66700,4,28.375,112.070,3,61,0,1,1,1,0,4993
1258,43.3991,4,4,4,1111,66700,4,32.700,116.382,3,61,0,1,1,1,0,4998
1259,43.4271,4,4,4,1111,66700,4,28.606,112.337,3,61,0,1,1,1,0,5001
1260,43.4588,4,4,4,1111,66700,4,28.252,112.000,4,61,1,1,1,1,0,5005
1261,43.4912,4,4,4,1111,66700,4,28.660,112.436,3,61,1,1,1,0,0,5009
1262,43.5231,4,4,4,1111,66700,4,28.511,112.292,2,61,0,1,1,0,0,5013
1263,43.5554,4,4,4,1111,66700,4,28.707,112.509,2,61,0,1,1,0,0,5017
1264,43.6148,4,4,4,1111,66700,4,56.052,139.949,4,61,1,1,1,1,0,5024
1265,43.6462,4,4,4,1111,66700,4,55.372,139.243,2,61,0,1,1,0,0,5028
1266,43.6536,4,4,4,1111,66700,4,30.872,114.698,3,61,1,1,1,0,0,5029
1267,43.6833,4,4,4,1111,66700,4,28.494,112.399,3,61,1,1,1,0,0,5033
1268,43.7153,4,4,4,1111,66700,4,28.364,112.298,3,61,1,1,1,0,0,5037
1269,43.7474,4,4,4,1111,66700,4,28.541,112.474,3,61,1,1,1,0,0,5041
1270,43.8146,4,4,4,1111,66700,4,63.609,147.576,3,61,1,1,1,0,0,5049
1271,43.8160,4,4,4,1111,66700,4,33.027,116.963,3,61,1,1,1,0,0,5050
1272,43.8433,4,4,4,1111,66700,4,28.249,112.222,3,61,1,1,1,0,0,5053
1273,43.8773,4,4,4,1111,66700,4,30.236,114.241,3,61,1,1,1,0,0,5057
1274,43.9073,4,4,4,1111,66700,4,28.206,112.251,3,61,1,1,1,0,0,5061
1275,43.9395,4,4,4,1111,66700,4,28.386,112.431,3,61,1,1,1,0,0,5065
1276,43.9884,4,4,4,1111,66700,4,45.170,129.302,3,61,1,1,1,0,0,5072
1277,44.0184,4,4,4,1111,66700,4,43.086,127.219,3,61,1,1,1,0,0,5075
1278,44.0355,4,4,4,1111,66700,4,28.166,112.272,3,61,1,1,1,0,0,5076
1279,44.0676,4,4,4,1111,66700,4,28.242,112.369,3,61,1,1,1,0,0,5079
1280,44.0995,4,4,4,1111,66700,4,28.168,112.308,3,61,1,1,1,0,0,5083
1281,44.1317,4,4,4,1111,66700,4,28.275,60.439,3,61,1,1,1,0,0,5087
1282,44.1640,4,4,4,1111,66700,4,28.529,60.713,2,61,0,1,1,0,0,5091
1283,44.2362,4,4,4,1111,66700,4,68.726,100.903,3,61,1,1,1,0,0,5099
1284,44.2376,4,4,4,1111,66700,4,38.045,70.213,3,61,1,1,1,0,0,5099
1285,44.2607,3,3,4,1111,66700,4,21.997,61.202,2,61,0,1,1,0,0,5101
1286,44.2857,3,3,4,1111,66700,4,22.017,54.177,2,61,0,1,1,0,0,5103
1287,44.3178,3,3,4,1111,66700,4,22.102,54.261,2,61,0,1,1,0,0,5106
1288,44.3499,3,3,4,1111,66700,4,22.192,54.322,2,61,0,1,1,0,0,5109
1289,44.3818,3,3,4,1111,66700,4,22.065,54.228,2,61,0,1,1,0,0,5112
1290,44.4177,3,3,4,1111,66700,4,22.190,58.067,2,61,0,1,1,0,0,5114
1291,44.4782,3,3,4,1111,66700,4,22.324,76.562,2,61,0,1,1,0,0,5119
1292,44.5103,3,3,4,1111,66700,4,22.366,76.677,2,61,0,1,1,0,0,5122
1293,44.5423,3,3,4,1111,66700,4,22.320,76.622,2,61,0,1,1,0,0,5125
1294,44.5819,3,3,4,1111,66700,4,29.792,84.174,2,61,0,1,1,0,0,5129
1295,44.6116,3,3,4,1111,66700,4,27.491,81.807,2,61,0,1,1,0,0,5132
1296,44.6382,3,3,4,1111,66700,4,22.121,76.416,2,61,0,1,1,0,0,5133
1297,44.6789,3,3,4,1111,66700,4,22.283,85.051,2,61,0,1,1,0,0,5134
1298,44.7347,3,3,4,1111,66700,4,22.431,54.578,2,61,0,1,1,0,0,5139
1299,44.7665,3,3,4,1111,66700,4,22.215,54.362,2,61,0,1,1,0,0,5142
1300,44.8032,3,3,4,1111,66700,4,26.967,59.090,2,61,0,1,1,0,0,5145
1301,44.8307,3,3,4,1111,66700,4,22.250,54.463,1,61,0,1,0,0,0,5148
1302,44.8625,3,3,4,1111,66700,4,22.095,54.228,1,61,0,1,0,0,0,5151
1303,44.8946,3,3,4,1111,66700,4,22.151,54.291,2,61,0,1,1,0,0,5154
1304,44.9267,3,3,4,1111,66700,4,22.198,54.341,2,61,0,1,1,0,0,5157
1305,44.9590,3,3,4,1111,66700,4,22.443,54.608,1,61,0,1,0,0,0,5160
1306,44.9955,3,3,4,1111,66700,4,26.363,59.095,2,61,0,1,1,0,0,5163
1307,45.0229,3,3,4,1111,66700,4,22.170,54.325,2,61,0,1,1,0,0,5166
1308,45.0549,3,3,4,1111,66700,4,22.205,54.305,2,61,0,1,1,0,0,5169
1309,45.0868,3,3,4,1111,66700,4,22.135,54.297,2,61,0,1,1,0,0,5172
1310,45.1187,3,3,4,1111,66700,4,21.965,54.084,1,61,0,1,0,0,0,5175
1311,45.1511,3,3,4,1111,66700,4,22.369,54.496,2,61,0,1,1,0,0,5178
1312,45.2072,3,3,4,1111,66700,4,46.319,78.518,2,61,0,1,1,0,0,5184
1313,45.2191,3,3,4,1111,66700,4,26.187,58.355,2,61,0,1,1,0,0,5184
1314,45.2470,3,3,4,1111,66700,4,22.072,54.200,2,61,0,1,1,0,0,5187
1315,45.2792,3,3,4,1111,66700,4,22.295,54.426,2,61,0,1,1,0,0,5190
1316,45.3112,3,3,4,1111,66700,4,22.199,54.358,2,61,0,1,1,0,0,5193
1317,45.3432,3,3,4,1111,66700,4,22.211,54.332,2,61,0,1,1,0,0,5196
1318,45.3965,3,3,4,1111,66700,4,43.332,75.553,2,61,0,1,1,0,0,5202
1319,45.4097,3,3,4,1111,66700,4,24.565,56.720,2,61,0,1,1,0,0,5202
1320,45.4393,3,3,4,1111,66700,4,22.140,54.243,1,61,0,1,0,0,0,5205
1321,45.4716,3,3,4,1111,66700,4,22.437,54.570,2,61,0,1,1,0,0,5208
1322,45.5037,3,3,4,1111,66700,4,22.395,54.594,2,61,0,1,1,0,0,5211
1323,45.5357,3,3,4,1111,66700,4,22.341,54.507,1,61,0,1,0,0,0,5214
1324,45.5678,3,3,4,1111,66700,4,22.455,54.637,1,62,0,0,0,1,0,5217
1325,45.6250,3,3,4,1111,66700,4,47.394,79.713,1,62,0,0,0,1,0,5223
1326,45.6394,3,3,4,1111,66700,4,29.987,62.030,1,62,0,0,0,1,0,5224
1327,45.6666,3,3,4,1111,66700,4,25.159,57.273,1,62,0,0,0,1,0,5226
1328,45.6958,3,3,4,1111,66700,4,22.349,54.501,1,62,0,0,0,1,0,5229
1329,45.7278,3,3,4,1111,66700,4,22.312,54.451,1,62,0,0,0,1,0,5232
1330,45.7599,3,3,4,1111,66700,4,22.300,54.479,1,62,0,0,0,1,0,5235
1331,45.7919,3,3,4,1111,66700,4,22.241,54.364,1,62,0,0,0,1,0,5238
1332,45.8315,3,3,4,1111,66700,4,26.714,61.975,2,62,0,0,1,1,0,5241
1333,45.8879,3,3,4,1111,66700,4,22.111,76.775,1,62,0,0,0,1,0,5245
1334,45.9199,3,3,4,1111,66700,4,22.130,76.840,2,62,0,0,1,1,0,5248
1335,45.9522,3,3,4,1111,66700,4,22.388,77.134,2,62,0,0,1,1,0,5251
1336,45.9844,3,3,4,1111,66700,4,22.421,77.239,2,62,0,0,1,1,0,5254
1337,46.0160,3,3,4,1111,66700,4,22.094,76.822,2,62,0,0,1,1,0,5257
1338,46.0566,3,3,4,1111,66700,4,22.209,85.404,2,62,0,0,1,1,0,5259
1339,46.0802,3,3,4,1111,66700,4,22.091,76.952,2,62,0,0,1,1,0,5260
