batch_idx,source_id,frame_num,buf_pts_ns,ntp_ns
0,0,0,64041999,1783481731645626000
1,0,1,230708664,1783481731656884000
2,0,2,464041995,1783481732091142000
2,3,0,567200000,1783481731986440000
3,3,1,667199999,1783481732082552000
4,0,3,864041991,1783481732562510000
4,3,2,867199997,1783481732467913000
5,1,0,1134800000,1783481732553985000
6,0,4,1297375320,1783481732988208000
6,1,1,1301466665,1783481732714144000
6,3,3,1300533326,1783481732979713000
7,0,5,1497375318,1783481733180345000
7,1,2,1501466663,1783481733092854000
7,3,4,1500533324,1783481733236048000
8,0,6,1530708651,1783481733212356000
8,1,3,1534799996,1783481733193921000
8,2,0,1702100000,1783481733121276000
8,3,5,1533866657,1783481733268069000
9,0,7,1564041984,1783481733244358000
9,1,4,1568133329,1783481733194004000
9,2,1,1735433333,1783481733153287000
9,3,6,1567199990,1783481733300116000
10,0,8,1597375317,1783481733276370000
10,1,5,1601466662,1783481733244594000
10,2,2,1768766666,1783481733185329000
10,3,7,1600533323,1783481733332156000
11,0,9,1630708650,1783481733308447000
11,1,6,1634799995,1783481733276487000
11,2,3,1802099999,1783481733217371000
11,3,8,1633866656,1783481733364198000
12,0,10,1664041983,1783481733340452000
12,1,7,1668133328,1783481733300218000
12,2,4,1835433332,1783481733249391000
12,3,9,1667199989,1783481733396263000
13,0,11,1697375316,1783481733372438000
13,1,8,1701466661,1783481733300227000
13,2,5,1868766665,1783481733281423000
13,3,10,1700533322,1783481733428273000
14,0,12,1730708649,1783481733404468000
14,1,9,1734799994,1783481733340568000
14,2,6,1902099998,1783481733340580000
14,3,11,1733866655,1783481733460320000
15,0,13,1764041982,1783481733436476000
15,1,10,1768133327,1783481733372545000
15,2,7,1935433331,1783481733372550000
15,3,12,1767199988,1783481733492368000
16,0,14,1797375315,1783481733468504000
16,1,11,1801466660,1783481733404576000
16,2,8,1968766664,1783481733404570000
16,3,13,1800533321,1783481733524414000
17,0,15,1830708648,1783481733500516000
17,1,12,1834799993,1783481733436556000
17,2,9,2002099997,1783481733436639000
17,3,14,1833866654,1783481733556437000
18,0,16,1864041981,1783481733532544000
18,1,13,1868133326,1783481733468587000
18,2,10,2035433330,1783481733505624000
18,3,15,1867199987,1783481733588501000
19,0,17,1897375314,1783481733564556000
19,1,14,1901466659,1783481733500584000
19,2,11,2068766663,1783481733537644000
19,3,16,1900533320,1783481733620578000
20,0,18,1930708647,1783481733596579000
20,1,15,1934799992,1783481733532624000
20,2,12,2102099996,1783481733569660000
20,3,17,1933866653,1783481733652589000
21,0,19,1964041980,1783481733628619000
21,1,16,1968133325,1783481733564624000
21,2,13,2135433329,1783481733601747000
21,3,18,1967199986,1783481733684616000
22,0,20,1997375313,1783481733660623000
22,1,17,2001466658,1783481733596649000
22,2,14,2168766662,1783481733633736000
22,3,19,2000533319,1783481733716683000
23,0,21,2030708646,1783481733692650000
23,1,18,2034799991,1783481733628723000
23,2,15,2202099995,1783481733665757000
23,3,20,2033866652,1783481733748723000
24,0,22,2064041979,1783481733724669000
24,1,19,2068133324,1783481733660696000
24,2,16,2235433328,1783481733697787000
24,3,21,2067199985,1783481733780757000
25,0,23,2097375312,1783481733756684000
25,1,20,2101466657,1783481733692724000
25,2,17,2268766661,1783481733729823000
25,3,22,2100533318,1783481733812810000
26,0,24,2130708645,1783481733788717000
26,1,21,2134799990,1783481733724747000
26,2,18,2302099994,1783481733761840000
26,3,23,2133866651,1783481733844840000
27,0,25,2164041978,1783481733820727000
27,1,22,2168133323,1783481733756762000
27,2,19,2335433327,1783481733793867000
27,3,24,2167199984,1783481733876885000
28,0,26,2197375311,1783481733852752000
28,1,23,2201466656,1783481733788801000
28,2,20,2368766660,1783481733825896000
28,3,25,2200533317,1783481733908937000
29,0,27,2230708644,1783481733884776000
29,1,24,2234799989,1783481733853347000
29,2,21,2402099993,1783481733857924000
29,3,26,2233866650,1783481733941004000
30,0,28,2264041977,1783481733916789000
30,1,25,2268133322,1783481733885327000
30,2,22,2435433326,1783481733889952000
30,3,27,2267199983,1783481733973061000
31,0,29,2297375310,1783481733948832000
31,1,26,2301466655,1783481733917374000
31,2,23,2468766659,1783481733921982000
31,3,28,2300533316,1783481734005077000
32,0,30,2330708643,1783481733980874000
32,1,27,2334799988,1783481733949474000
32,2,24,2502099992,1783481733954026000
32,3,29,2333866649,1783481734037117000
33,0,31,2364041976,1783481734012864000
33,1,28,2368133321,1783481733981686000
33,2,25,2535433325,1783481733986065000
33,3,30,2367199982,1783481734069171000
34,0,32,2397375309,1783481734044881000
34,1,29,2401466654,1783481734013547000
34,2,26,2568766658,1783481734018073000
34,3,31,2400533315,1783481734101194000
35,0,33,2430708642,1783481734076926000
35,1,30,2434799987,1783481734045682000
35,2,27,2602099991,1783481734050098000
35,3,32,2433866648,1783481734133233000
36,0,34,2464041975,1783481734108931000
36,1,31,2468133320,1783481734077654000
36,2,28,2635433324,1783481734082132000
36,3,33,2467199981,1783481734165285000
37,0,35,2497375308,1783481734140948000
37,1,32,2501466653,1783481734109652000
37,2,29,2668766657,1783481734114161000
37,3,34,2500533314,1783481734197312000
38,0,36,2530708641,1783481734172972000
38,1,33,2534799986,1783481734141671000
38,2,30,2702099990,1783481734146205000
38,3,35,2533866647,1783481734229371000
39,0,37,2564041974,1783481734204994000
39,1,34,2568133319,1783481734173725000
39,2,31,2735433323,1783481734178214000
39,3,36,2567199980,1783481734261409000
40,0,38,2597375307,1783481734301064000
40,1,35,2601466652,1783481734205743000
40,2,32,2768766656,1783481734210277000
40,3,37,2600533313,1783481734293439000
41,0,39,2630708640,1783481734333074000
41,1,36,2634799985,1783481734237839000
41,2,33,2802099989,1783481734242297000
41,3,38,2633866646,1783481734325480000
42,0,40,2664041973,1783481734365085000
42,1,37,2668133318,1783481734269858000
42,2,34,2835433322,1783481734274309000
42,3,39,2667199979,1783481734357529000
43,0,41,2697375306,1783481734397121000
43,1,38,2701466651,1783481734301158000
43,2,35,2868766655,1783481734306347000
43,3,40,2700533312,1783481734389601000
44,0,42,2730708639,1783481734429129000
44,1,39,2734799984,1783481734333161000
44,2,36,2902099988,1783481734338371000
44,3,41,2733866645,1783481734421606000
45,0,43,2764041972,1783481734461155000
45,1,40,2768133317,1783481734365168000
45,2,37,2935433321,1783481734370404000
45,3,42,2767199978,1783481734453646000
46,0,44,2797375305,1783481734493170000
46,1,41,2801466650,1783481734397235000
46,2,38,2968766654,1783481734402426000
46,3,43,2800533311,1783481734485686000
47,0,45,2830708638,1783481734525198000
47,1,42,2834799983,1783481734429207000
47,2,39,3002099987,1783481734434450000
47,3,44,2833866644,1783481734517740000
48,0,46,2864041971,1783481734557212000
48,1,43,2868133316,1783481734461237000
48,2,40,3035433320,1783481734466482000
48,3,45,2867199977,1783481734549775000
49,0,47,2897375304,1783481734589274000
49,1,44,2901466649,1783481734493244000
49,2,41,3068766653,1783481734498530000
49,3,46,2900533310,1783481734645916000
50,0,48,2930708637,1783481734621305000
50,1,45,2934799982,1783481734525306000
50,2,42,3102099986,1783481734530547000
50,3,47,2933866643,1783481734677932000
51,0,49,2964041970,1783481734653274000
51,1,46,2968133315,1783481734557296000
51,2,43,3135433319,1783481734562605000
51,3,48,2967199976,1783481734710001000
52,0,50,2997375303,1783481734685292000
52,1,47,3001466648,1783481734597847000
52,2,44,3168766652,1783481734597874000
52,3,49,3000533309,1783481734742057000
53,0,51,3030708636,1783481734717323000
53,1,48,3034799981,1783481734629799000
53,2,45,3202099985,1783481734629818000
53,3,50,3033866642,1783481734774081000
54,0,52,3064041969,1783481734749345000
54,1,49,3068133314,1783481734685476000
54,2,46,3235433318,1783481734685393000
54,3,51,3067199975,1783481734806135000
55,0,53,3097375302,1783481734781368000
55,1,50,3101466647,1783481734717408000
55,2,47,3268766651,1783481734717431000
55,3,52,3100533308,1783481734838181000
56,0,54,3130708635,1783481734813386000
56,1,51,3134799980,1783481734749435000
56,2,48,3302099984,1783481734749468000
56,3,53,3133866641,1783481734870208000
57,0,55,3164041968,1783481734845420000
57,1,52,3168133313,1783481734781455000
57,2,49,3335433317,1783481734781471000
57,3,54,3167199974,1783481734902241000
58,0,56,3197375301,1783481734877430000
58,1,53,3201466646,1783481734813489000
58,2,50,3368766650,1783481734813514000
58,3,55,3200533307,1783481734934301000
59,0,57,3230708634,1783481734909446000
59,1,54,3234799979,1783481734845642000
59,2,51,3402099983,1783481734845558000
59,3,56,3233866640,1783481734966373000
60,0,58,3264041967,1783481734941507000
60,1,55,3268133312,1783481734877509000
60,2,52,3435433316,1783481734914893000
60,3,57,3267199973,1783481734998381000
61,0,59,3297375300,1783481734973511000
61,1,56,3301466645,1783481734909529000
61,2,53,3468766649,1783481734946931000
61,3,58,3300533306,1783481735030437000
62,0,60,3330708633,1783481735005509000
62,1,57,3334799978,1783481734941617000
62,2,54,3502099982,1783481734978952000
62,3,59,3333866639,1783481735062491000
63,0,61,3364041966,1783481735037532000
63,1,58,3368133311,1783481734973630000
63,2,55,3535433315,1783481735010975000
63,3,60,3367199972,1783481735094539000
64,0,62,3397375299,1783481735069574000
64,1,59,3401466644,1783481735005583000
64,2,56,3568766648,1783481735043015000
64,3,61,3400533305,1783481735126560000
65,0,63,3430708632,1783481735101584000
65,1,60,3434799977,1783481735037614000
65,2,57,3602099981,1783481735075066000
65,3,62,3433866638,1783481735158604000
66,0,64,3464041965,1783481735133598000
66,1,61,3468133310,1783481735069672000
66,2,58,3635433314,1783481735107103000
66,3,63,3467199971,1783481735190662000
67,0,65,3497375298,1783481735165622000
67,1,62,3501466643,1783481735101694000
67,2,59,3668766647,1783481735139096000
67,3,64,3500533304,1783481735222700000
68,0,66,3530708631,1783481735197646000
68,1,63,3534799976,1783481735133694000
68,2,60,3702099980,1783481735171125000
68,3,65,3533866637,1783481735254739000
69,0,67,3564041964,1783481735229677000
69,1,64,3568133309,1783481735165718000
69,2,61,3735433313,1783481735203154000
69,3,66,3567199970,1783481735286762000
70,0,68,3597375297,1783481735261691000
70,1,65,3601466642,1783481735197748000
70,2,62,3768766646,1783481735235191000
70,3,67,3600533303,1783481735318816000
71,0,69,3630708630,1783481735293708000
71,1,66,3634799975,1783481735229799000
71,2,63,3802099979,1783481735267230000
71,3,68,3633866636,1783481735350844000
72,0,70,3664041963,1783481735325721000
72,1,67,3668133308,1783481735261822000
72,2,64,3835433312,1783481735299313000
72,3,69,3667199969,1783481735382921000
73,0,71,3697375296,1783481735357737000
73,1,68,3701466641,1783481735293814000
73,2,65,3868766645,1783481735331266000
73,3,70,3700533302,1783481735414954000
74,0,72,3730708629,1783481735389778000
74,1,69,3734799974,1783481735325813000
74,2,66,3902099978,1783481735363293000
74,3,71,3733866635,1783481735446969000
75,0,73,3764041962,1783481735421777000
75,1,70,3768133307,1783481735357811000
75,2,67,3935433311,1783481735395329000
75,3,72,3767199968,1783481735479008000
76,0,74,3797375295,1783481735453800000
76,1,71,3801466640,1783481735389878000
76,2,68,3968766644,1783481735427354000
76,3,73,3800533301,1783481735511063000
77,0,75,3830708628,1783481735485818000
77,1,72,3834799973,1783481735421869000
77,2,69,4002099977,1783481735459375000
77,3,74,3833866634,1783481735543138000
78,0,76,3864041961,1783481735517847000
78,1,73,3868133306,1783481735487461000
78,2,70,4035433310,1783481735491427000
78,3,75,3867199967,1783481735575141000
79,0,77,3897375294,1783481735549873000
79,1,74,3901466639,1783481735519588000
79,2,71,4068766643,1783481735523451000
79,3,76,3900533300,1783481735607204000
80,0,78,3930708627,1783481735581892000
80,1,75,3934799972,1783481735551633000
80,2,72,4102099976,1783481735555426000
80,3,77,3933866633,1783481735639258000
81,0,79,3964041960,1783481735613908000
81,1,76,3968133305,1783481735583598000
81,2,73,4135433309,1783481735587488000
81,3,78,3967199966,1783481735671268000
82,0,80,3997375293,1783481735709984000
82,1,77,4001466638,1783481735615673000
82,2,74,4168766642,1783481735619578000
82,3,79,4000533299,1783481735703315000
83,0,81,4030708626,1783481735742026000
83,1,78,4034799971,1783481735647749000
83,2,75,4202099975,1783481735651554000
83,3,80,4033866632,1783481735735365000
84,0,82,4064041959,1783481735774016000
84,1,79,4068133304,1783481735679785000
84,2,76,4235433308,1783481735683579000
84,3,81,4067199965,1783481735767402000
85,0,83,4097375292,1783481735806047000
85,1,80,4101466637,1783481735710099000
85,2,77,4268766641,1783481735715620000
85,3,82,4100533298,1783481735799440000
86,0,84,4130708625,1783481735838066000
86,1,81,4134799970,1783481735742137000
86,2,78,4302099974,1783481735747652000
86,3,83,4133866631,1783481735831512000
87,0,85,4164041958,1783481735870083000
87,1,82,4168133303,1783481735774201000
87,2,79,4335433307,1783481735779666000
87,3,84,4167199964,1783481735863548000
88,0,86,4197375291,1783481735902100000
88,1,83,4201466636,1783481735806238000
88,2,80,4368766640,1783481735811705000
88,3,85,4200533297,1783481735895565000
89,0,87,4230708624,1783481735934125000
89,1,84,4234799969,1783481735838168000
89,2,81,4402099973,1783481735843734000
89,3,86,4233866630,1783481735927624000
90,0,88,4264041957,1783481735966164000
90,1,85,4268133302,1783481735870191000
90,2,82,4435433306,1783481735875753000
90,3,87,4267199963,1783481735959706000
91,0,89,4297375290,1783481735998185000
91,1,86,4301466635,1783481735902179000
91,2,83,4468766639,1783481735907787000
91,3,88,4300533296,1783481736055829000
92,0,90,4330708623,1783481736030194000
92,1,87,4334799968,1783481735934224000
92,2,84,4502099972,1783481735939852000
92,3,89,4333866629,1783481736087861000
93,0,91,4364041956,1783481736062230000
93,1,88,4368133301,1783481735966285000
93,2,85,4535433305,1783481735971860000
93,3,90,4367199962,1783481736119875000
94,0,92,4397375289,1783481736094250000
94,1,89,4401466634,1783481736006738000
94,2,86,4568766638,1783481736006728000
94,3,91,4400533295,1783481736151933000
95,0,93,4430708622,1783481736126244000
95,1,90,4434799967,1783481736038663000
95,2,87,4602099971,1783481736038662000
95,3,92,4433866628,1783481736183977000
96,0,94,4464041955,1783481736158281000
96,1,91,4468133300,1783481736062338000
96,2,88,4635433304,1783481736067934000
96,3,93,4467199961,1783481736216043000
97,0,95,4497375288,1783481736190301000
97,1,92,4501466633,1783481736094384000
97,2,89,4668766637,1783481736099962000
97,3,94,4500533294,1783481736248066000
98,0,96,4530708621,1783481736222320000
98,1,93,4534799966,1783481736126344000
98,2,90,4702099970,1783481736131986000
98,3,95,4533866627,1783481736280088000
99,0,97,4564041954,1783481736254342000
99,1,94,4568133299,1783481736158368000
99,2,91,4735433303,1783481736164015000
99,3,96,4567199960,1783481736312159000
100,0,98,4597375287,1783481736286357000
100,1,95,4601466632,1783481736190406000
100,2,92,4768766636,1783481736196048000
100,3,97,4600533293,1783481736344169000
101,0,99,4630708620,1783481736318382000
101,1,96,4634799965,1783481736222430000
101,2,93,4802099969,1783481736228089000
101,3,98,4633866626,1783481736376208000
102,0,100,4664041953,1783481736350399000
102,1,97,4668133298,1783481736286443000
102,2,94,4835433302,1783481736324176000
102,3,99,4667199959,1783481736408329000
103,0,101,4697375286,1783481736382605000
103,1,98,4701466631,1783481736318491000
103,2,95,4868766635,1783481736356193000
103,3,100,4700533292,1783481736440293000
104,0,102,4730708619,1783481736414505000
104,1,99,4734799964,1783481736333859000
104,2,96,4902099968,1783481736388321000
104,3,101,4733866625,1783481736472332000
105,0,103,4764041952,1783481736446493000
105,1,100,4768133297,1783481736365885000
105,2,97,4935433301,1783481736420310000
105,3,102,4767199958,1783481736504413000
106,0,104,4797375285,1783481736478498000
106,1,101,4801466630,1783481736397954000
106,2,98,4968766634,1783481736452292000
106,3,103,4800533291,1783481736536464000
107,0,105,4830708618,1783481736510523000
107,1,102,4834799963,1783481736429959000
107,2,99,5002099967,1783481736484346000
107,3,104,4833866624,1783481736568454000
108,0,106,4864041951,1783481736542544000
108,1,103,4868133296,1783481736461996000
108,2,100,5035433300,1783481736516376000
108,3,105,4867199957,1783481736600502000
109,0,107,4897375284,1783481736574527000
109,1,104,4901466629,1783481736494054000
109,2,101,5068766633,1783481736548380000
109,3,106,4900533290,1783481736632599000
110,0,108,4930708617,1783481736606561000
110,1,105,4934799962,1783481736526061000
110,2,102,5102099966,1783481736580396000
110,3,107,4933866623,1783481736664630000
111,0,109,4964041950,1783481736638607000
111,1,106,4968133295,1783481736558090000
111,2,103,5135433299,1783481736612440000
111,3,108,4967199956,1783481736696661000
112,0,110,4997375283,1783481736670613000
112,1,107,5001466628,1783481736590117000
112,2,104,5168766632,1783481736644474000
112,3,109,5000533289,1783481736728706000
113,0,111,5030708616,1783481736702637000
113,1,108,5034799961,1783481736638729000
113,2,105,5202099965,1783481736676495000
113,3,110,5033866622,1783481736760732000
114,0,112,5064041949,1783481736734669000
114,1,109,5068133294,1783481736670708000
114,2,106,5235433298,1783481736708528000
114,3,111,5067199955,1783481736792762000
115,0,113,5097375282,1783481736766667000
115,1,110,5101466627,1783481736702740000
115,2,107,5268766631,1783481736740555000
115,3,112,5100533288,1783481736824863000
116,0,114,5130708615,1783481736798702000
116,1,111,5134799960,1783481736734752000
116,2,108,5302099964,1783481736772569000
116,3,113,5133866621,1783481736856904000
117,0,115,5164041948,1783481736830722000
117,1,112,5168133293,1783481736766758000
117,2,109,5335433297,1783481736804592000
117,3,114,5167199954,1783481736888905000
118,0,116,5197375281,1783481736862742000
118,1,113,5201466626,1783481736798806000
118,2,110,5368766630,1783481736836664000
118,3,115,5200533287,1783481736920939000
119,0,117,5230708614,1783481736894751000
119,1,114,5234799959,1783481736830822000
119,2,111,5402099963,1783481736868677000
119,3,116,5233866620,1783481736952993000
120,0,118,5264041947,1783481736926767000
120,1,115,5268133292,1783481736862852000
120,2,112,5435433296,1783481736900687000
120,3,117,5267199953,1783481736985036000
121,0,119,5297375280,1783481736958792000
121,1,116,5301466625,1783481736894835000
121,2,113,5468766629,1783481736932719000
121,3,118,5300533286,1783481737017098000
122,0,120,5330708613,1783481736990813000
122,1,117,5334799958,1783481736926841000
122,2,114,5502099962,1783481736964751000
122,3,119,5333866619,1783481737049155000
123,0,121,5364041946,1783481737022845000
123,1,118,5368133291,1783481736958984000
123,2,115,5535433295,1783481736996820000
123,3,120,5367199952,1783481737081177000
124,0,122,5397375279,1783481737118916000
124,1,119,5401466624,1783481736990896000
124,2,116,5568766628,1783481737028824000
124,3,121,5400533285,1783481737113221000
125,0,123,5430708612,1783481737150920000
125,1,120,5434799957,1783481737022952000
125,2,117,5602099961,1783481737060854000
125,3,122,5433866618,1783481737145232000
126,0,124,5464041945,1783481737182954000
126,1,121,5468133290,1783481737057744000
126,2,118,5635433294,1783481737092863000
126,3,123,5467199951,1783481737177288000
127,0,125,5497375278,1783481737214973000
127,1,122,5501466623,1783481737089654000
127,2,119,5668766627,1783481737124893000
127,3,124,5500533284,1783481737209348000
128,0,126,5530708611,1783481737246978000
128,1,123,5534799956,1783481737150994000
128,2,120,5702099960,1783481737156911000
128,3,125,5533866617,1783481737241360000
129,0,127,5564041944,1783481737279007000
129,1,124,5568133289,1783481737183042000
129,2,121,5735433293,1783481737188948000
129,3,126,5567199950,1783481737273399000
130,0,128,5597375277,1783481737311029000
130,1,125,5601466622,1783481737215052000
130,2,122,5768766626,1783481737220977000
130,3,127,5600533283,1783481737305439000
131,0,129,5630708610,1783481737343042000
131,1,126,5634799955,1783481737247054000
131,2,123,5802099959,1783481737252999000
131,3,128,5633866616,1783481737337486000
132,0,130,5664041943,1783481737375076000
132,1,127,5668133288,1783481737279101000
132,2,124,5835433292,1783481737285021000
132,3,129,5667199949,1783481737369526000
133,0,131,5697375276,1783481737407111000
133,1,128,5701466621,1783481737311105000
133,2,125,5868766625,1783481737317064000
133,3,130,5700533282,1783481737465677000
134,0,132,5730708609,1783481737439130000
134,1,129,5734799954,1783481737343128000
134,2,126,5902099958,1783481737349088000
134,3,131,5733866615,1783481737497700000
135,0,133,5764041942,1783481737471135000
135,1,130,5768133287,1783481737375165000
135,2,127,5935433291,1783481737381138000
135,3,132,5767199948,1783481737529776000
136,0,134,5797375275,1783481737503151000
136,1,131,5801466620,1783481737415636000
136,2,128,5968766624,1783481737415653000
136,3,133,5800533281,1783481737561793000
137,0,135,5830708608,1783481737535174000
137,1,132,5834799953,1783481737447671000
137,2,129,6002099957,1783481737447681000
137,3,134,5833866614,1783481737593826000
138,0,136,5864041941,1783481737567195000
138,1,133,5868133286,1783481737471226000
138,2,130,6035433290,1783481737477206000
138,3,135,5867199947,1783481737625900000
139,0,137,5897375274,1783481737599248000
139,1,134,5901466619,1783481737503377000
139,2,131,6068766623,1783481737509246000
139,3,136,5900533280,1783481737657925000
140,0,138,5930708607,1783481737631262000
140,1,135,5934799952,1783481737535279000
140,2,132,6102099956,1783481737541269000
140,3,137,5933866613,1783481737689968000
141,0,139,5964041940,1783481737663259000
141,1,136,5968133285,1783481737567289000
141,2,133,6135433289,1783481737573290000
141,3,138,5967199946,1783481737722005000
142,0,140,5997375273,1783481737695284000
142,1,137,6001466618,1783481737599358000
142,2,134,6168766622,1783481737605336000
142,3,139,6000533279,1783481737754043000
143,0,141,6030708606,1783481737727293000
143,1,138,6034799951,1783481737631370000
143,2,135,6202099955,1783481737637378000
143,3,140,6033866612,1783481737786081000
144,0,142,6064041939,1783481737759312000
144,1,139,6068133284,1783481737663341000
144,2,136,6235433288,1783481737733446000
144,3,141,6067199945,1783481737818123000
145,0,143,6097375272,1783481737791328000
145,1,140,6101466617,1783481737711305000
145,2,137,6268766621,1783481737765465000
145,3,142,6100533278,1783481737850173000
146,0,144,6130708605,1783481737823356000
146,1,141,6134799950,1783481737743308000
146,2,138,6302099954,1783481737797495000
146,3,143,6133866611,1783481737882216000
147,0,145,6164041938,1783481737855395000
147,1,142,6168133283,1783481737775344000
147,2,139,6335433287,1783481737829538000
147,3,144,6167199944,1783481737914253000
148,0,146,6197375271,1783481737887399000
148,1,143,6201466616,1783481737807376000
148,2,140,6368766620,1783481737861580000
148,3,145,6200533277,1783481737946341000
149,0,147,6230708604,1783481737919423000
149,1,144,6234799949,1783481737839436000
149,2,141,6402099953,1783481737893576000
149,3,146,6233866610,1783481737978375000
150,0,148,6264041937,1783481737951436000
150,1,145,6268133282,1783481737871438000
150,2,142,6435433286,1783481737925605000
150,3,147,6267199943,1783481738010384000
151,0,149,6297375270,1783481737983430000
151,1,146,6301466615,1783481737903467000
151,2,143,6468766619,1783481737957661000
151,3,148,6300533276,1783481738042425000
152,0,150,6330708603,1783481738015488000
152,1,147,6334799948,1783481737935505000
152,2,144,6502099952,1783481737989675000
152,3,149,6333866609,1783481738074473000
153,0,151,6364041936,1783481738047515000
153,1,148,6368133281,1783481737967549000
153,2,145,6535433285,1783481738021700000
153,3,150,6367199942,1783481738106528000
154,0,152,6397375269,1783481738079532000
154,1,149,6401466614,1783481737999573000
154,2,146,6568766618,1783481738053756000
154,3,151,6400533275,1783481738138557000
155,0,153,6430708602,1783481738111565000
155,1,150,6434799947,1783481738031614000
155,2,147,6602099951,1783481738085803000
155,3,152,6433866608,1783481738170593000
156,0,154,6464041935,1783481738143569000
156,1,151,6468133280,1783481738063649000
156,2,148,6635433284,1783481738117793000
156,3,153,6467199941,1783481738202655000
157,0,155,6497375268,1783481738175602000
157,1,152,6501466613,1783481738095677000
157,2,149,6668766617,1783481738149809000
157,3,154,6500533274,1783481738234702000
158,0,156,6530708601,1783481738207639000
158,1,153,6534799946,1783481738127700000
158,2,150,6702099950,1783481738181841000
158,3,155,6533866607,1783481738266715000
159,0,157,6564041934,1783481738239659000
159,1,154,6568133279,1783481738159731000
159,2,151,6735433283,1783481738213877000
159,3,156,6567199940,1783481738298753000
160,0,158,6597375267,1783481738271643000
160,1,155,6601466612,1783481738191779000
160,2,152,6768766616,1783481738245906000
160,3,157,6600533273,1783481738330806000
161,0,159,6630708600,1783481738303671000
161,1,156,6634799945,1783481738223814000
161,2,153,6802099949,1783481738277933000
161,3,158,6633866606,1783481738362841000
162,0,160,6664041933,1783481738335697000
162,1,157,6668133278,1783481738271714000
162,2,154,6835433282,1783481738309958000
162,3,159,6667199939,1783481738394957000
163,0,161,6697375266,1783481738367727000
163,1,158,6701466611,1783481738303751000
163,2,155,6868766615,1783481738341989000
163,3,160,6700533272,1783481738426978000
164,0,162,6730708599,1783481738399778000
164,1,159,6734799944,1783481738335767000
164,2,156,6902099948,1783481738374066000
164,3,161,6733866605,1783481738459042000
165,0,163,6764041932,1783481738431804000
165,1,160,6768133277,1783481738367829000
165,2,157,6935433281,1783481738406069000
165,3,162,6767199938,1783481738491043000
166,0,164,6797375265,1783481738527853000
166,1,161,6801466610,1783481738399900000
166,2,158,6968766614,1783481738438116000
166,3,163,6800533271,1783481738523070000
167,0,165,6830708598,1783481738559889000
167,1,162,6834799943,1783481738431942000
167,2,159,7002099947,1783481738470121000
167,3,164,6833866604,1783481738555167000
168,0,166,6864041931,1783481738591901000
168,1,163,6868133276,1783481738467688000
168,2,160,7035433280,1783481738502145000
168,3,165,6867199937,1783481738587200000
169,0,167,6897375264,1783481738623919000
169,1,164,6901466609,1783481738499561000
169,2,161,7068766613,1783481738534177000
169,3,166,6900533270,1783481738619212000
170,0,168,6930708597,1783481738655940000
170,1,165,6934799942,1783481738527960000
170,2,162,7102099946,1783481738566236000
170,3,167,6933866603,1783481738651243000
171,0,169,6964041930,1783481738687928000
171,1,166,6968133275,1783481738560024000
171,2,163,7135433279,1783481738598241000
171,3,168,6967199936,1783481738683274000
172,0,170,7030708596,1783481738752001000
172,1,167,7001466608,1783481738592035000
172,2,164,7168766612,1783481738630263000
172,3,169,7000533269,1783481738715324000
173,0,171,7064041929,1783481738784022000
173,1,168,7034799941,1783481738624051000
173,2,165,7202099945,1783481738662292000
173,3,170,7033866602,1783481738747371000
174,0,172,7097375262,1783481738816037000
174,1,169,7068133274,1783481738656048000
174,2,166,7235433278,1783481738694305000
174,3,171,7067199935,1783481738779440000
175,0,173,7130708595,1783481738848078000
175,1,170,7101466607,1783481738688017000
175,2,167,7268766611,1783481738726343000
175,3,172,7100533268,1783481738875574000
176,0,174,7164041928,1783481738880072000
176,1,171,7134799940,1783481738752108000
176,2,168,7302099944,1783481738758388000
176,3,173,7133866601,1783481738907565000
177,0,175,7197375261,1783481738912077000
177,1,172,7168133273,1783481738784148000
177,2,169,7335433277,1783481738790400000
177,3,174,7167199934,1783481738939669000
178,0,176,7230708594,1783481738944132000
178,1,173,7201466606,1783481738824621000
178,2,170,7368766610,1783481738824629000
178,3,175,7200533267,1783481738971716000
179,0,177,7264041927,1783481738976150000
179,1,174,7234799939,1783481738824716000
179,2,171,7402099943,1783481738854465000
179,3,176,7233866600,1783481739003745000
180,0,178,7297375260,1783481739008160000
180,1,175,7268133272,1783481738856573000
180,2,172,7435433276,1783481738886486000
180,3,177,7267199933,1783481739035759000
181,0,179,7330708593,1783481739040163000
181,1,176,7301466605,1783481738912183000
181,2,173,7468766609,1783481738918548000
181,3,178,7300533266,1783481739067803000
182,0,180,7364041926,1783481739072211000
182,1,177,7334799938,1783481738944257000
182,2,174,7502099942,1783481738950556000
182,3,179,7333866599,1783481739099834000
183,0,181,7397375259,1783481739104202000
183,1,178,7368133271,1783481738976280000
183,2,175,7535433275,1783481738982592000
183,3,180,7367199932,1783481739131884000
184,0,182,7430708592,1783481739136217000
184,1,179,7401466604,1783481739008297000
184,2,176,7568766608,1783481739014604000
184,3,181,7400533265,1783481739163909000
185,0,183,7464041925,1783481739168237000
185,1,180,7434799937,1783481739040268000
185,2,177,7602099941,1783481739046633000
185,3,182,7433866598,1783481739195974000
186,0,184,7497375258,1783481739200303000
186,1,181,7468133270,1783481739072324000
186,2,178,7635433274,1783481739142716000
186,3,183,7467199931,1783481739228009000
187,0,185,7530708591,1783481739232298000
187,1,182,7501466603,1783481739120736000
187,2,179,7668766607,1783481739174772000
187,3,184,7500533264,1783481739260036000
188,0,186,7564041924,1783481739264306000
188,1,183,7534799936,1783481739152757000
188,2,180,7702099940,1783481739206803000
188,3,185,7533866597,1783481739292077000
189,0,187,7597375257,1783481739296358000
189,1,184,7568133269,1783481739184822000
189,2,181,7735433273,1783481739238805000
189,3,186,7567199930,1783481739324298000
190,0,188,7630708590,1783481739328367000
190,1,185,7601466602,1783481739216855000
190,2,182,7768766606,1783481739270821000
190,3,187,7600533263,1783481739356168000
191,0,189,7664041923,1783481739360375000
191,1,186,7634799935,1783481739248861000
191,2,183,7802099939,1783481739302852000
191,3,188,7633866596,1783481739388280000
192,0,190,7697375256,1783481739392476000
192,1,187,7668133268,1783481739280899000
192,2,184,7835433272,1783481739334909000
192,3,189,7667199929,1783481739420291000
193,0,191,7730708589,1783481739424448000
193,1,188,7701466601,1783481739312973000
193,2,185,7868766605,1783481739366923000
193,3,190,7700533262,1783481739452318000
194,0,192,7764041922,1783481739456459000
194,1,189,7734799934,1783481739344966000
194,2,186,7902099938,1783481739398996000
194,3,191,7733866595,1783481739484346000
195,0,193,7797375255,1783481739488445000
195,1,190,7768133267,1783481739377012000
195,2,187,7935433271,1783481739431034000
195,3,192,7767199928,1783481739516389000
196,0,194,7830708588,1783481739520485000
196,1,191,7801466600,1783481739409059000
196,2,188,7968766604,1783481739463038000
196,3,193,7800533261,1783481739548456000
197,0,195,7864041921,1783481739552509000
197,1,192,7834799933,1783481739441102000
197,2,189,8002099937,1783481739495035000
197,3,194,7833866594,1783481739580472000
198,0,196,7897375254,1783481739584515000
198,1,193,7868133266,1783481739473098000
198,2,190,8035433270,1783481739527056000
198,3,195,7867199927,1783481739612535000
199,0,197,7930708587,1783481739616531000
199,1,194,7901466599,1783481739505122000
199,2,191,8068766603,1783481739559092000
199,3,196,7900533260,1783481739644559000
200,0,198,7964041920,1783481739648559000
200,1,195,7934799932,1783481739537169000
200,2,192,8102099936,1783481739591110000
200,3,197,7933866593,1783481739676608000
201,0,199,7997375253,1783481739680573000
201,1,196,7968133265,1783481739569193000
201,2,193,8135433269,1783481739623154000
201,3,198,7967199926,1783481739708637000
202,0,200,8030708586,1783481739712598000
202,1,197,8001466598,1783481739601218000
202,2,194,8168766602,1783481739655206000
202,3,199,8000533259,1783481739740688000
203,0,201,8064041919,1783481739744645000
203,1,198,8034799931,1783481739633266000
203,2,195,8202099935,1783481739687205000
203,3,200,8033866592,1783481739772757000
204,0,202,8097375252,1783481739776648000
204,1,199,8068133264,1783481739665296000
204,2,196,8235433268,1783481739719238000
204,3,201,8067199925,1783481739804767000
205,0,203,8130708585,1783481739808659000
205,1,200,8101466597,1783481739697314000
205,2,197,8268766601,1783481739751260000
205,3,202,8100533258,1783481739836864000
206,0,204,8164041918,1783481739840706000
206,1,201,8134799930,1783481739729349000
206,2,198,8302099934,1783481739783296000
206,3,203,8133866591,1783481739868911000
207,0,205,8197375251,1783481739936756000
207,1,202,8168133263,1783481739761393000
207,2,199,8335433267,1783481739815322000
207,3,204,8167199924,1783481739900945000
208,0,206,8230708584,1783481739968792000
208,1,203,8201466596,1783481739793414000
208,2,200,8368766600,1783481739847375000
208,3,205,8200533257,1783481739932936000
209,0,207,8264041917,1783481740000790000
209,1,204,8234799929,1783481739825451000
209,2,201,8402099933,1783481739879406000
209,3,206,8233866590,1783481739964979000
210,0,208,8297375250,1783481740032841000
210,1,205,8268133262,1783481739857501000
210,2,202,8435433266,1783481739911427000
210,3,207,8267199923,1783481739997054000
211,0,209,8330708583,1783481740064869000
211,1,206,8301466595,1783481739909445000
211,2,203,8468766599,1783481739943423000
211,3,208,8300533256,1783481740029096000
212,0,210,8364041916,1783481740096877000
212,1,207,8334799928,1783481739936843000
212,2,204,8502099932,1783481739975416000
212,3,209,8333866589,1783481740061145000
213,0,211,8397375249,1783481740128893000
213,1,208,8368133261,1783481739968887000
213,2,205,8535433265,1783481740007500000
213,3,210,8367199922,1783481740093161000
214,0,212,8430708582,1783481740160917000
214,1,209,8401466594,1783481740000894000
214,2,206,8568766598,1783481740039540000
214,3,211,8400533255,1783481740125209000
215,0,213,8464041915,1783481740192929000
215,1,210,8434799927,1783481740032941000
215,2,207,8602099931,1783481740071583000
215,3,212,8433866588,1783481740157237000
216,0,214,8497375248,1783481740224967000
216,1,211,8468133260,1783481740064975000
216,2,208,8635433264,1783481740103607000
216,3,213,8467199921,1783481740189277000
217,0,215,8530708581,1783481740256963000
217,1,212,8501466593,1783481740096981000
217,2,209,8668766597,1783481740135626000
217,3,214,8500533254,1783481740285425000
218,0,216,8564041914,1783481740288982000
218,1,213,8534799926,1783481740128996000
218,2,210,8702099930,1783481740167632000
218,3,215,8533866587,1783481740317453000
219,0,217,8597375247,1783481740321009000
219,1,214,8568133259,1783481740161003000
219,2,211,8735433263,1783481740199666000
219,3,216,8567199920,1783481740349496000
220,0,218,8630708580,1783481740353066000
220,1,215,8601466592,1783481740193019000
220,2,212,8768766596,1783481740231702000
220,3,217,8600533253,1783481740381544000
221,0,219,8664041913,1783481740385061000
221,1,216,8634799925,1783481740233494000
221,2,213,8802099929,1783481740263734000
221,3,218,8633866586,1783481740413580000
222,0,220,8697375246,1783481740417098000
222,1,217,8668133258,1783481740265406000
222,2,214,8835433262,1783481740295756000
222,3,219,8667199919,1783481740445652000
223,0,221,8730708579,1783481740449114000
223,1,218,8701466591,1783481740289059000
223,2,215,8868766595,1783481740327786000
223,3,220,8700533252,1783481740477664000
224,0,222,8764041912,1783481740481113000
224,1,219,8734799924,1783481740353170000
224,2,216,8902099928,1783481740359819000
224,3,221,8733866585,1783481740509720000
225,0,223,8797375245,1783481740513125000
225,1,220,8768133257,1783481740385170000
225,2,217,8935433261,1783481740391842000
225,3,222,8767199918,1783481740541772000
226,0,224,8830708578,1783481740545159000
226,1,221,8801466590,1783481740417199000
226,2,218,8968766594,1783481740423877000
226,3,223,8800533251,1783481740573819000
227,0,225,8864041911,1783481740577165000
227,1,222,8834799923,1783481740449227000
227,2,219,9002099927,1783481740455906000
227,3,224,8833866584,1783481740605838000
228,0,226,8897375244,1783481740609188000
228,1,223,8868133256,1783481740481204000
228,2,220,9035433260,1783481740551995000
228,3,225,8867199917,1783481740637891000
229,0,227,8930708577,1783481740641232000
229,1,224,8901466589,1783481740530203000
229,2,221,9068766593,1783481740584023000
229,3,226,8900533250,1783481740669943000
230,0,228,8964041910,1783481740673244000
230,1,225,8934799922,1783481740562213000
230,2,222,9102099926,1783481740616058000
230,3,227,8933866583,1783481740701971000
231,0,229,8997375243,1783481740705261000
231,1,226,8968133255,1783481740594254000
231,2,223,9135433259,1783481740648081000
231,3,228,8967199916,1783481740734010000
232,0,230,9030708576,1783481740737270000
232,1,227,9001466588,1783481740626298000
232,2,224,9168766592,1783481740680117000
232,3,229,9000533249,1783481740766057000
233,0,231,9064041909,1783481740769317000
233,1,228,9034799921,1783481740658330000
233,2,225,9202099925,1783481740712140000
233,3,230,9033866582,1783481740798122000
234,0,232,9097375242,1783481740801349000
234,1,229,9068133254,1783481740690336000
234,2,226,9235433258,1783481740744165000
234,3,231,9067199915,1783481740830145000
235,0,233,9130708575,1783481740833341000
235,1,230,9101466587,1783481740722379000
235,2,227,9268766591,1783481740776220000
235,3,232,9100533248,1783481740862177000
236,0,234,9164041908,1783481740865348000
236,1,231,9134799920,1783481740754427000
236,2,228,9302099924,1783481740808229000
236,3,233,9133866581,1783481740894219000
237,0,235,9197375241,1783481740897362000
237,1,232,9168133253,1783481740786503000
237,2,229,9335433257,1783481740840258000
237,3,234,9167199914,1783481740926278000
238,0,236,9230708574,1783481740929421000
238,1,233,9201466586,1783481740818475000
238,2,230,9368766590,1783481740872276000
238,3,235,9200533247,1783481740958320000
239,0,237,9264041907,1783481740961440000
239,1,234,9234799919,1783481740850520000
239,2,231,9402099923,1783481740904307000
239,3,236,9233866580,1783481740990356000
240,0,238,9297375240,1783481740993433000
240,1,235,9268133252,1783481740882542000
240,2,232,9435433256,1783481740936362000
240,3,237,9267199913,1783481741022437000
241,0,239,9330708573,1783481741025469000
241,1,236,9301466585,1783481740914571000
241,2,233,9468766589,1783481740968370000
241,3,238,9300533246,1783481741054452000
242,0,240,9364041906,1783481741057506000
242,1,237,9334799918,1783481740946629000
242,2,234,9502099922,1783481741000410000
242,3,239,9333866579,1783481741086484000
243,0,241,9397375239,1783481741089578000
243,1,238,9368133251,1783481740978663000
243,2,235,9535433255,1783481741032436000
243,3,240,9367199912,1783481741118536000
244,0,242,9430708572,1783481741121545000
244,1,239,9401466584,1783481741010667000
244,2,236,9568766588,1783481741064457000
244,3,241,9400533245,1783481741150566000
245,0,243,9464041905,1783481741153557000
245,1,240,9434799917,1783481741042709000
245,2,237,9602099921,1783481741096511000
245,3,242,9433866578,1783481741182597000
246,0,244,9497375238,1783481741185563000
246,1,241,9468133250,1783481741074755000
246,2,238,9635433254,1783481741128526000
246,3,243,9467199911,1783481741214649000
247,0,245,9530708571,1783481741217589000
247,1,242,9501466583,1783481741106793000
247,2,239,9668766587,1783481741160537000
247,3,244,9500533244,1783481741246690000
248,0,246,9564041904,1783481741249602000
248,1,243,9534799916,1783481741138822000
248,2,240,9702099920,1783481741192571000
248,3,245,9533866577,1783481741278734000
249,0,247,9597375237,1783481741345685000
249,1,244,9568133249,1783481741170841000
249,2,241,9735433253,1783481741224627000
249,3,246,9567199910,1783481741310778000
250,0,248,9630708570,1783481741377699000
250,1,245,9601466582,1783481741202897000
250,2,242,9768766586,1783481741256624000
250,3,247,9600533243,1783481741342821000
251,0,249,9664041903,1783481741409715000
251,1,246,9634799915,1783481741234910000
251,2,243,9802099919,1783481741288680000
251,3,248,9633866576,1783481741374854000
252,0,250,9697375236,1783481741441745000
252,1,247,9668133248,1783481741266945000
252,2,244,9835433252,1783481741320755000
252,3,249,9667199909,1783481741406897000
253,0,251,9730708569,1783481741473761000
253,1,248,9701466581,1783481741298972000
253,2,245,9868766585,1783481741352710000
253,3,250,9700533242,1783481741438954000
254,0,252,9764041902,1783481741505776000
254,1,249,9734799914,1783481741331010000
254,2,246,9902099918,1783481741384745000
254,3,251,9733866575,1783481741470992000
255,0,253,9797375235,1783481741537812000
255,1,250,9768133247,1783481741363031000
255,2,247,9935433251,1783481741416774000
255,3,252,9767199908,1783481741503024000
256,0,254,9830708568,1783481741569819000
256,1,251,9801466580,1783481741395068000
256,2,248,9968766584,1783481741448826000
256,3,253,9800533241,1783481741535078000
257,0,255,9864041901,1783481741601833000
257,1,252,9834799913,1783481741427119000
257,2,249,10002099917,1783481741480832000
257,3,254,9833866574,1783481741567136000
258,0,256,9897375234,1783481741633877000
258,1,253,9868133246,1783481741459141000
258,2,250,10035433250,1783481741512849000
258,3,255,9867199907,1783481741599153000
259,0,257,9930708567,1783481741665881000
259,1,254,9901466579,1783481741491166000
259,2,251,10068766583,1783481741544900000
259,3,256,9900533240,1783481741695306000
260,0,258,9964041900,1783481741697900000
260,1,255,9934799912,1783481741523202000
260,2,252,10102099916,1783481741576919000
260,3,257,9933866573,1783481741727329000
261,0,259,9997375233,1783481741729923000
261,1,256,9968133245,1783481741569895000
261,2,253,10135433249,1783481741608941000
261,3,258,9967199906,1783481741759370000
262,0,260,10030708566,1783481741761948000
262,1,257,10001466578,1783481741601906000
262,2,254,10168766582,1783481741640984000
262,3,259,10000533239,1783481741791465000
263,0,261,10064041899,1783481741793978000
263,1,258,10034799911,1783481741642429000
263,2,255,10202099915,1783481741673026000
263,3,260,10033866572,1783481741823437000
264,0,262,10097375232,1783481741826022000
264,1,259,10068133244,1783481741674328000
264,2,256,10235433248,1783481741705031000
264,3,261,10067199905,1783481741855498000
265,0,263,10130708565,1783481741858029000
265,1,260,10101466577,1783481741697975000
265,2,257,10268766581,1783481741737067000
265,3,262,10100533238,1783481741887580000
266,0,264,10164041898,1783481741890040000
266,1,261,10134799910,1783481741730001000
266,2,258,10302099914,1783481741769118000
266,3,263,10133866571,1783481741919641000
267,0,265,10197375231,1783481741922075000
267,1,262,10168133243,1783481741762037000
267,2,259,10335433247,1783481741801159000
267,3,264,10167199904,1783481741951647000
268,0,266,10230708564,1783481741954098000
268,1,263,10201466576,1783481741794081000
268,2,260,10368766580,1783481741833170000
268,3,265,10200533237,1783481741983672000
269,0,267,10264041897,1783481741986115000
269,1,264,10234799909,1783481741826135000
269,2,261,10402099913,1783481741865183000
269,3,266,10233866570,1783481742015746000
270,0,268,10297375230,1783481742018113000
270,1,265,10268133242,1783481741858129000
270,2,262,10435433246,1783481741961272000
270,3,267,10267199903,1783481742047758000
271,0,269,10330708563,1783481742050130000
271,1,266,10301466575,1783481741939690000
271,2,263,10468766579,1783481741993301000
271,3,268,10300533236,1783481742079805000
272,0,270,10364041896,1783481742082168000
272,1,267,10334799908,1783481741971679000
272,2,264,10502099912,1783481742025327000
272,3,269,10333866569,1783481742111845000
273,0,271,10397375229,1783481742114175000
273,1,268,10368133241,1783481742003694000
273,2,265,10535433245,1783481742057360000
273,3,270,10367199902,1783481742143891000
274,0,272,10430708562,1783481742146194000
274,1,269,10401466574,1783481742035730000
274,2,266,10568766578,1783481742089379000
274,3,271,10400533235,1783481742175919000
275,0,273,10464041895,1783481742178215000
275,1,270,10434799907,1783481742067766000
275,2,267,10602099911,1783481742121403000
275,3,272,10433866568,1783481742207985000
276,0,274,10497375228,1783481742210232000
276,1,271,10468133240,1783481742099800000
276,2,268,10635433244,1783481742153437000
276,3,273,10467199901,1783481742240035000
277,0,275,10530708561,1783481742242269000
277,1,272,10501466573,1783481742131831000
277,2,269,10668766577,1783481742185455000
277,3,274,10500533234,1783481742272082000
278,0,276,10564041894,1783481742274328000
278,1,273,10534799906,1783481742163858000
278,2,270,10702099910,1783481742217518000
278,3,275,10533866567,1783481742304095000
279,0,277,10597375227,1783481742306299000
279,1,274,10568133239,1783481742195895000
279,2,271,10735433243,1783481742249544000
279,3,276,10567199900,1783481742336132000
280,0,278,10630708560,1783481742338325000
280,1,275,10601466572,1783481742228016000
280,2,272,10768766576,1783481742281562000
280,3,277,10600533233,1783481742368191000
281,0,279,10664041893,1783481742370350000
281,1,276,10634799905,1783481742259976000
281,2,273,10802099909,1783481742313582000
281,3,278,10633866566,1783481742400230000
282,0,280,10697375226,1783481742402365000
282,1,277,10668133238,1783481742292012000
282,2,274,10835433242,1783481742345596000
282,3,279,10667199899,1783481742432269000
283,0,281,10730708559,1783481742434403000
283,1,278,10701466571,1783481742324042000
283,2,275,10868766575,1783481742377645000
283,3,280,10700533232,1783481742464324000
284,0,282,10764041892,1783481742466425000
284,1,279,10734799904,1783481742356069000
284,2,276,10902099908,1783481742409666000
284,3,281,10733866565,1783481742496379000
285,0,283,10797375225,1783481742498455000
285,1,280,10768133237,1783481742388110000
285,2,277,10935433241,1783481742441709000
285,3,282,10767199898,1783481742528402000
286,0,284,10830708558,1783481742530458000
286,1,281,10801466570,1783481742420122000
286,2,278,10968766574,1783481742473742000
286,3,283,10800533231,1783481742560443000
287,0,285,10864041891,1783481742562478000
287,1,282,10834799903,1783481742452160000
287,2,279,11002099907,1783481742505762000
287,3,284,10833866564,1783481742592481000
288,0,286,10897375224,1783481742594495000
288,1,283,10868133236,1783481742484206000
288,2,280,11035433240,1783481742537793000
288,3,285,10867199897,1783481742624529000
289,0,287,10930708557,1783481742626524000
289,1,284,10901466569,1783481742516220000
289,2,281,11068766573,1783481742569840000
289,3,286,10900533230,1783481742656571000
290,0,288,10964041890,1783481742658552000
290,1,285,10934799902,1783481742548283000
290,2,282,11102099906,1783481742601844000
290,3,287,10933866563,1783481742688646000
291,0,289,10997375223,1783481742754601000
291,1,286,10968133235,1783481742580310000
291,2,283,11135433239,1783481742633870000
291,3,288,10967199896,1783481742720663000
292,0,290,11030708556,1783481742786622000
292,1,287,11001466568,1783481742612317000
292,2,284,11168766572,1783481742665920000
292,3,289,11000533229,1783481742752701000
293,0,291,11064041889,1783481742818642000
293,1,288,11034799901,1783481742644351000
293,2,285,11202099905,1783481742697932000
293,3,290,11033866562,1783481742784752000
294,0,292,11097375222,1783481742850656000
294,1,289,11068133234,1783481742676399000
294,2,286,11235433238,1783481742729962000
294,3,291,11067199895,1783481742816794000
295,0,293,11130708555,1783481742882698000
295,1,290,11101466567,1783481742708424000
295,2,287,11268766571,1783481742761998000
295,3,292,11100533228,1783481742848828000
296,0,294,11164041888,1783481742914708000
296,1,291,11134799900,1783481742740470000
296,2,288,11302099904,1783481742794038000
296,3,293,11133866561,1783481742880875000
297,0,295,11197375221,1783481742946731000
297,1,292,11168133233,1783481742772517000
297,2,289,11335433237,1783481742826047000
297,3,294,11167199894,1783481742912945000
298,0,296,11230708554,1783481742978741000
298,1,293,11201466566,1783481742804529000
298,2,290,11368766570,1783481742858072000
298,3,295,11200533227,1783481742944952000
299,0,297,11264041887,1783481743010767000
299,1,294,11234799899,1783481742836550000
299,2,291,11402099903,1783481742890119000
299,3,296,11233866560,1783481742976991000
300,0,298,11297375220,1783481743042789000
300,1,295,11268133232,1783481742868583000
300,2,292,11435433236,1783481742922134000
300,3,297,11267199893,1783481743009054000
301,0,299,11330708553,1783481743074825000
301,1,296,11301466565,1783481742900623000
301,2,293,11468766569,1783481742954165000
301,3,298,11300533226,1783481743105212000
302,0,300,11364041886,1783481743106861000
302,1,297,11334799898,1783481742932661000
302,2,294,11502099902,1783481742986196000
302,3,299,11333866559,1783481743137234000
303,0,301,11397375219,1783481743138879000
303,1,298,11368133231,1783481742964686000
303,2,295,11535433235,1783481743018257000
303,3,300,11367199892,1783481743169270000
304,0,302,11430708552,1783481743170896000
304,1,299,11401466564,1783481742996731000
304,2,296,11568766568,1783481743050262000
304,3,301,11400533225,1783481743201280000
305,0,303,11464041885,1783481743202897000
305,1,300,11434799897,1783481743028763000
305,2,297,11602099901,1783481743082295000
305,3,302,11433866558,1783481743233349000
306,0,304,11497375218,1783481743234946000
306,1,301,11468133230,1783481743083347000
306,2,298,11635433234,1783481743114325000
306,3,303,11467199891,1783481743265376000
307,0,305,11530708551,1783481743266957000
307,1,302,11501466563,1783481743106973000
307,2,299,11668766567,1783481743146379000
307,3,304,11500533224,1783481743297424000
308,0,306,11564041884,1783481743298969000
308,1,303,11534799896,1783481743138986000
308,2,300,11702099900,1783481743178369000
308,3,305,11533866557,1783481743329479000
309,0,307,11597375217,1783481743331001000
309,1,304,11568133229,1783481743171006000
309,2,301,11735433233,1783481743210395000
309,3,306,11567199890,1783481743361519000
310,0,308,11630708550,1783481743363021000
310,1,305,11601466562,1783481743202978000
310,2,302,11768766566,1783481743242426000
310,3,307,11600533223,1783481743393552000
311,0,309,11664041883,1783481743395022000
311,1,306,11634799895,1783481743235066000
311,2,303,11802099899,1783481743274489000
311,3,308,11633866556,1783481743425583000
312,0,310,11697375216,1783481743427036000
312,1,307,11668133228,1783481743267057000
312,2,304,11835433232,1783481743370548000
312,3,309,11667199889,1783481743457629000
313,0,311,11730708549,1783481743459058000
313,1,308,11701466561,1783481743349119000
313,2,305,11868766565,1783481743402566000
313,3,310,11700533222,1783481743489667000
314,0,312,11764041882,1783481743491079000
314,1,309,11734799894,1783481743381137000
314,2,306,11902099898,1783481743434603000
314,3,311,11733866555,1783481743521713000
315,0,313,11797375215,1783481743523105000
315,1,310,11768133227,1783481743413149000
315,2,307,11935433231,1783481743466621000
315,3,312,11767199888,1783481743553758000
316,0,314,11830708548,1783481743555136000
316,1,311,11801466560,1783481743445185000
316,2,308,11968766564,1783481743498651000
316,3,313,11800533221,1783481743585804000
317,0,315,11864041881,1783481743587171000
317,1,312,11834799893,1783481743477207000
317,2,309,12002099897,1783481743530681000
317,3,314,11833866554,1783481743617847000
318,0,316,11897375214,1783481743619158000
318,1,313,11868133226,1783481743509239000
318,2,310,12035433230,1783481743562730000
318,3,315,11867199887,1783481743649895000
319,0,317,11930708547,1783481743651184000
319,1,314,11901466559,1783481743541271000
319,2,311,12068766563,1783481743594730000
319,3,316,11900533220,1783481743681927000
320,0,318,11964041880,1783481743683206000
320,1,315,11934799892,1783481743573320000
320,2,312,12102099896,1783481743626774000
320,3,317,11933866553,1783481743713977000
321,0,319,11997375213,1783481743715237000
321,1,316,11968133225,1783481743605366000
321,2,313,12135433229,1783481743658794000
321,3,318,11967199886,1783481743746060000
322,0,320,12030708546,1783481743747275000
322,1,317,12001466558,1783481743637387000
322,2,314,12168766562,1783481743690821000
322,3,319,12000533219,1783481743778110000
323,0,321,12064041879,1783481743779305000
323,1,318,12034799891,1783481743669412000
323,2,315,12202099895,1783481743722860000
323,3,320,12033866552,1783481743810155000
324,0,322,12097375212,1783481743811322000
324,1,319,12068133224,1783481743701462000
324,2,316,12235433228,1783481743754908000
324,3,321,12067199885,1783481743842199000
325,0,323,12130708545,1783481743843331000
325,1,320,12101466557,1783481743733496000
325,2,317,12268766561,1783481743786924000
325,3,322,12100533218,1783481743874238000
326,0,324,12164041878,1783481743875358000
326,1,321,12134799890,1783481743765539000
326,2,318,12302099894,1783481743818957000
326,3,323,12133866551,1783481743906297000
327,0,325,12197375211,1783481743907392000
327,1,322,12168133223,1783481743797574000
327,2,319,12335433227,1783481743850993000
327,3,324,12167199884,1783481743938296000
328,0,326,12230708544,1783481743939406000
328,1,323,12201466556,1783481743829616000
328,2,320,12368766560,1783481743883013000
328,3,325,12200533217,1783481743970402000
329,0,327,12264041877,1783481743971397000
329,1,324,12234799889,1783481743861626000
329,2,321,12402099893,1783481743915084000
329,3,326,12233866550,1783481744002348000
330,0,328,12297375210,1783481744003409000
330,1,325,12268133222,1783481743893663000
330,2,322,12435433226,1783481743947082000
330,3,327,12267199883,1783481744034404000
331,0,329,12330708543,1783481744035444000
331,1,326,12301466555,1783481743925735000
331,2,323,12468766559,1783481743979083000
331,3,328,12300533216,1783481744066455000
332,0,330,12364041876,1783481744067423000
332,1,327,12334799888,1783481743957724000
332,2,324,12502099892,1783481744011113000
332,3,329,12333866549,1783481744098506000
333,0,331,12397375209,1783481744163516000
333,1,328,12368133221,1783481743989735000
333,2,325,12535433225,1783481744043155000
333,3,330,12367199882,1783481744130528000
334,0,332,12430708542,1783481744195557000
334,1,329,12401466554,1783481744021782000
334,2,326,12568766558,1783481744075185000
334,3,331,12400533215,1783481744162571000
335,0,333,12464041875,1783481744227564000
335,1,330,12434799887,1783481744053841000
335,2,327,12602099891,1783481744107209000
335,3,332,12433866548,1783481744194779000
336,0,334,12497375208,1783481744259579000
336,1,331,12468133220,1783481744085866000
336,2,328,12635433224,1783481744139228000
336,3,333,12467199881,1783481744226676000
337,0,335,12530708541,1783481744291625000
337,1,332,12501466553,1783481744117884000
337,2,329,12668766557,1783481744171288000
337,3,334,12500533214,1783481744258730000
338,0,336,12564041874,1783481744323642000
338,1,333,12534799886,1783481744149905000
338,2,330,12702099890,1783481744203320000
338,3,335,12533866547,1783481744290746000
339,0,337,12597375207,1783481744355644000
339,1,334,12568133219,1783481744181937000
339,2,331,12735433223,1783481744235345000
339,3,336,12567199880,1783481744322847000
340,0,338,12630708540,1783481744387682000
340,1,335,12601466552,1783481744214002000
340,2,332,12768766556,1783481744267355000
340,3,337,12600533213,1783481744354860000
341,0,339,12664041873,1783481744419697000
341,1,336,12634799885,1783481744246014000
341,2,333,12802099889,1783481744299378000
341,3,338,12633866546,1783481744386888000
342,0,340,12697375206,1783481744451791000
342,1,337,12668133218,1783481744278048000
342,2,334,12835433222,1783481744331438000
342,3,339,12667199879,1783481744418965000
343,0,341,12730708539,1783481744483762000
343,1,338,12701466551,1783481744310076000
343,2,335,12868766555,1783481744363441000
343,3,340,12700533212,1783481744515049000
344,0,342,12764041872,1783481744515741000
344,1,339,12734799884,1783481744342112000
344,2,336,12902099888,1783481744395423000
344,3,341,12733866545,1783481744547106000
345,0,343,12797375205,1783481744547799000
345,1,340,12768133217,1783481744374145000
345,2,337,12935433221,1783481744427524000
345,3,342,12767199878,1783481744579184000
346,0,344,12830708538,1783481744579819000
346,1,341,12801466550,1783481744406170000
346,2,338,12968766554,1783481744459559000
346,3,343,12800533211,1783481744611181000
347,0,345,12864041871,1783481744611820000
347,1,342,12834799883,1783481744438210000
347,2,339,13002099887,1783481744491572000
347,3,344,12833866544,1783481744643216000
348,0,346,12897375204,1783481744643841000
348,1,343,12868133216,1783481744470244000
348,2,340,13035433220,1783481744523592000
348,3,345,12867199877,1783481744675261000
349,0,347,12930708537,1783481744675871000
349,1,344,12901466549,1783481744515829000
349,2,341,13068766553,1783481744555638000
349,3,346,12900533210,1783481744707350000
350,0,348,12964041870,1783481744707871000
350,1,345,12934799882,1783481744547920000
350,2,342,13102099886,1783481744587683000
350,3,347,12933866543,1783481744739366000
351,0,349,12997375203,1783481744739889000
351,1,346,12968133215,1783481744579929000
351,2,343,13135433219,1783481744619675000
351,3,348,12967199876,1783481744771421000
352,0,350,13030708536,1783481744771919000
352,1,347,13001466548,1783481744611918000
352,2,344,13168766552,1783481744651707000
352,3,349,13000533209,1783481744803449000
353,0,351,13064041869,1783481744803933000
353,1,348,13034799881,1783481744643934000
353,2,345,13202099885,1783481744683738000
353,3,350,13033866542,1783481744835476000
354,0,352,13097375202,1783481744835956000
354,1,349,13068133214,1783481744675956000
354,2,346,13235433218,1783481744779842000
354,3,351,13067199875,1783481744867513000
355,0,353,13130708535,1783481744867970000
355,1,350,13101466547,1783481744758545000
355,2,347,13268766551,1783481744811866000
355,3,352,13100533208,1783481744899567000
356,0,354,13164041868,1783481744900008000
356,1,351,13134799880,1783481744790573000
356,2,348,13302099884,1783481744843875000
356,3,353,13133866541,1783481744931622000
357,0,355,13197375201,1783481744932012000
357,1,352,13168133213,1783481744822592000
357,2,349,13335433217,1783481744875900000
357,3,354,13167199874,1783481744963639000
358,0,356,13230708534,1783481744964042000
358,1,353,13201466546,1783481744854637000
358,2,350,13368766550,1783481744907941000
358,3,355,13200533207,1783481744995674000
359,0,357,13264041867,1783481744996068000
359,1,354,13234799879,1783481744886686000
359,2,351,13402099883,1783481744939967000
359,3,356,13233866540,1783481745027723000
360,0,358,13297375200,1783481745028090000
360,1,355,13268133212,1783481744918703000
360,2,352,13435433216,1783481744971985000
360,3,357,13267199873,1783481745059796000
361,0,359,13330708533,1783481745060129000
361,1,356,13301466545,1783481744950737000
361,2,353,13468766549,1783481745004016000
361,3,358,13300533206,1783481745091861000
362,0,360,13364041866,1783481745092156000
362,1,357,13334799878,1783481744982767000
362,2,354,13502099882,1783481745036052000
362,3,359,13333866539,1783481745123901000
363,0,361,13397375199,1783481745124179000
363,1,358,13368133211,1783481745014804000
363,2,355,13535433215,1783481745068080000
363,3,360,13367199872,1783481745155961000
364,0,362,13430708532,1783481745156195000
364,1,359,13401466544,1783481745046830000
364,2,356,13568766548,1783481745100133000
364,3,361,13400533205,1783481745187957000
365,0,363,13464041865,1783481745188203000
365,1,360,13434799877,1783481745078919000
365,2,357,13602099881,1783481745132156000
365,3,362,13433866538,1783481745219990000
366,0,364,13497375198,1783481745220208000
366,1,361,13468133210,1783481745110937000
366,2,358,13635433214,1783481745164197000
366,3,363,13467199871,1783481745252039000
367,0,365,13530708531,1783481745252231000
367,1,362,13501466543,1783481745142947000
367,2,359,13668766547,1783481745196220000
367,3,364,13500533204,1783481745284070000
368,0,366,13564041864,1783481745284253000
368,1,363,13534799876,1783481745174985000
368,2,360,13702099880,1783481745228219000
368,3,365,13533866537,1783481745316139000
369,0,367,13597375197,1783481745316292000
369,1,364,13568133209,1783481745207009000
369,2,361,13735433213,1783481745260255000
369,3,366,13567199870,1783481745348156000
370,0,368,13630708530,1783481745348295000
370,1,365,13601466542,1783481745239040000
370,2,362,13768766546,1783481745292275000
370,3,367,13600533203,1783481745380226000
371,0,369,13664041863,1783481745380328000
371,1,366,13634799875,1783481745271057000
371,2,363,13802099879,1783481745324307000
371,3,368,13633866536,1783481745412242000
372,0,370,13697375196,1783481745412340000
372,1,367,13668133208,1783481745303090000
372,2,364,13835433212,1783481745356341000
372,3,369,13667199869,1783481745444290000
373,0,371,13730708529,1783481745444383000
373,1,368,13701466541,1783481745335128000
373,2,365,13868766545,1783481745388370000
373,3,370,13700533202,1783481745476337000
374,0,372,13764041862,1783481745476380000
374,1,369,13734799874,1783481745367161000
374,2,366,13902099878,1783481745420409000
374,3,371,13733866535,1783481745508409000
375,0,373,13797375195,1783481745572461000
375,1,370,13768133207,1783481745399202000
375,2,367,13935433211,1783481745452430000
375,3,372,13767199868,1783481745540450000
376,0,374,13830708528,1783481745604466000
376,1,371,13801466540,1783481745431242000
376,2,368,13968766544,1783481745484460000
376,3,373,13800533201,1783481745572468000
377,0,375,13864041861,1783481745636484000
377,1,372,13834799873,1783481745463261000
377,2,369,14002099877,1783481745516492000
377,3,374,13833866534,1783481745604522000
378,0,376,13897375194,1783481745668496000
378,1,373,13868133206,1783481745495294000
378,2,370,14035433210,1783481745548557000
378,3,375,13867199867,1783481745636540000
379,0,377,13930708527,1783481745700533000
379,1,374,13901466539,1783481745527368000
379,2,371,14068766543,1783481745580555000
379,3,376,13900533200,1783481745668573000
380,0,378,13964041860,1783481745732540000
380,1,375,13934799872,1783481745559372000
380,2,372,14102099876,1783481745612573000
380,3,377,13933866533,1783481745700628000
381,0,379,13997375193,1783481745764571000
381,1,376,13968133205,1783481745591394000
381,2,373,14135433209,1783481745644603000
381,3,378,13967199866,1783481745732687000
382,0,380,14030708526,1783481745796607000
382,1,377,14001466538,1783481745623455000
382,2,374,14168766542,1783481745676633000
382,3,379,14000533199,1783481745764708000
383,0,381,14064041859,1783481745828605000
383,1,378,14034799871,1783481745655436000
383,2,375,14202099875,1783481745708678000
383,3,380,14033866532,1783481745796753000
384,0,382,14097375192,1783481745860626000
384,1,379,14068133204,1783481745687515000
384,2,376,14235433208,1783481745740694000
384,3,381,14067199865,1783481745828808000
385,0,383,14164041858,1783481745924685000
385,1,380,14134799870,1783481745751563000
385,2,377,14268766541,1783481745772717000
385,3,382,14133866531,1783481745956991000
386,0,384,14197375191,1783481745956741000
386,1,381,14168133203,1783481745783593000
386,2,378,14302099874,1783481745804761000
386,3,383,14167199864,1783481745989014000
387,0,385,14230708524,1783481745988731000
387,1,382,14201466536,1783481745815634000
387,2,379,14335433207,1783481745836782000
387,3,384,14200533197,1783481746021053000
388,0,386,14264041857,1783481746020746000
388,1,383,14234799869,1783481745847656000
388,2,380,14368766540,1783481745868803000
388,3,385,14233866530,1783481746053097000
389,0,387,14297375190,1783481746052776000
389,1,384,14268133202,1783481745879683000
389,2,381,14402099873,1783481745900835000
389,3,386,14267199863,1783481746085137000
390,0,388,14330708523,1783481746084788000
390,1,385,14301466535,1783481745957159000
390,2,382,14435433206,1783481745932888000
390,3,387,14300533196,1783481746117202000
391,0,389,14364041856,1783481746116857000
391,1,386,14334799868,1783481745957170000
391,2,383,14468766539,1783481745964910000
391,3,388,14333866529,1783481746149256000
392,0,390,14397375189,1783481746148858000
392,1,387,14368133201,1783481745989112000
392,2,384,14502099872,1783481745996917000
392,3,389,14367199862,1783481746181286000
393,0,391,14430708522,1783481746180845000
393,1,388,14401466534,1783481746021143000
393,2,385,14535433205,1783481746028951000
393,3,390,14400533195,1783481746213327000
394,0,392,14464041855,1783481746212867000
394,1,389,14434799867,1783481746053193000
394,2,386,14568766538,1783481746060977000
394,3,391,14433866528,1783481746245368000
395,0,393,14497375188,1783481746244883000
395,1,390,14468133200,1783481746085251000
395,2,387,14602099871,1783481746093007000
395,3,392,14467199861,1783481746277413000
396,0,394,14530708521,1783481746276906000
396,1,391,14501466533,1783481746168014000
396,2,388,14635433204,1783481746189100000
396,3,393,14500533194,1783481746309436000
397,0,395,14564041854,1783481746308917000
397,1,392,14534799866,1783481746200046000
397,2,389,14668766537,1783481746221133000
397,3,394,14533866527,1783481746341473000
398,0,396,14597375187,1783481746340945000
398,1,393,14568133199,1783481746232075000
398,2,390,14702099870,1783481746253163000
398,3,395,14567199860,1783481746373547000
399,0,397,14630708520,1783481746372974000
399,1,394,14601466532,1783481746264084000
399,2,391,14735433203,1783481746285184000
399,3,396,14600533193,1783481746405593000
400,0,398,14664041853,1783481746405003000
400,1,395,14634799865,1783481746296111000
400,2,392,14768766536,1783481746317208000
400,3,397,14633866526,1783481746437614000
401,0,399,14697375186,1783481746437009000
401,1,396,14668133198,1783481746328150000
401,2,393,14802099869,1783481746349239000
401,3,398,14667199859,1783481746469660000
402,0,400,14730708519,1783481746469040000
402,1,397,14701466531,1783481746360205000
402,2,394,14835433202,1783481746381323000
402,3,399,14700533192,1783481746501717000
403,0,401,14764041852,1783481746501047000
403,1,398,14734799864,1783481746392261000
403,2,395,14868766535,1783481746413335000
403,3,400,14733866525,1783481746533727000
404,0,402,14797375185,1783481746533075000
404,1,399,14768133197,1783481746424275000
404,2,396,14902099868,1783481746445329000
404,3,401,14767199858,1783481746565779000
405,0,403,14830708518,1783481746565106000
405,1,400,14801466530,1783481746456306000
405,2,397,14935433201,1783481746477373000
405,3,402,14800533191,1783481746597846000
406,0,404,14864041851,1783481746597111000
406,1,401,14834799863,1783481746488314000
406,2,398,14968766534,1783481746509395000
406,3,403,14833866524,1783481746629867000
407,0,405,14897375184,1783481746629150000
407,1,402,14868133196,1783481746520350000
407,2,399,15002099867,1783481746541412000
407,3,404,14867199857,1783481746661903000
408,0,406,14930708517,1783481746661148000
408,1,403,14901466529,1783481746552387000
408,2,400,15035433200,1783481746573457000
408,3,405,14900533190,1783481746693959000
409,0,407,14964041850,1783481746693181000
409,1,404,14934799862,1783481746584412000
409,2,401,15068766533,1783481746605489000
409,3,406,14933866523,1783481746726020000
410,0,408,14997375183,1783481746725228000
410,1,405,14968133195,1783481746616446000
410,2,402,15102099866,1783481746637498000
410,3,407,14967199856,1783481746758060000
411,0,409,15030708516,1783481746757225000
411,1,406,15001466528,1783481746648479000
411,2,403,15135433199,1783481746669529000
411,3,408,15000533189,1783481746790077000
412,0,410,15064041849,1783481746789247000
412,1,407,15034799861,1783481746680519000
412,2,404,15168766532,1783481746701567000
412,3,409,15033866522,1783481746822142000
413,0,411,15097375182,1783481746821260000
413,1,408,15068133194,1783481746712548000
413,2,405,15202099865,1783481746733652000
413,3,410,15067199855,1783481746854179000
414,0,412,15130708515,1783481746853300000
414,1,409,15101466527,1783481746744582000
414,2,406,15235433198,1783481746765628000
414,3,411,15100533188,1783481746886227000
415,0,413,15164041848,1783481746885332000
415,1,410,15134799860,1783481746776624000
415,2,407,15268766531,1783481746797653000
415,3,412,15133866521,1783481746918276000
416,0,414,15197375181,1783481746981379000
416,1,411,15168133193,1783481746808643000
416,2,408,15302099864,1783481746829693000
416,3,413,15167199854,1783481746950310000
417,0,415,15230708514,1783481747013402000
417,1,412,15201466526,1783481746840679000
417,2,409,15335433197,1783481746861706000
417,3,414,15200533187,1783481746982331000
418,0,416,15264041847,1783481747045423000
418,1,413,15234799859,1783481746872770000
418,2,410,15368766530,1783481746893747000
418,3,415,15233866520,1783481747014365000
419,0,417,15297375180,1783481747077456000
419,1,414,15268133192,1783481746904779000
419,2,411,15402099863,1783481746925767000
419,3,416,15267199853,1783481747046441000
420,0,418,15330708513,1783481747109481000
420,1,415,15301466525,1783481746936790000
420,2,412,15435433196,1783481746957797000
420,3,417,15300533186,1783481747078503000
421,0,419,15364041846,1783481747141489000
421,1,416,15334799858,1783481746968809000
421,2,413,15468766529,1783481746989813000
421,3,418,15333866519,1783481747110522000
422,0,420,15397375179,1783481747173493000
422,1,417,15368133191,1783481747000842000
422,2,414,15502099862,1783481747021847000
422,3,419,15367199852,1783481747142549000
423,0,421,15430708512,1783481747205521000
423,1,418,15401466524,1783481747032916000
423,2,415,15535433195,1783481747053919000
423,3,420,15400533185,1783481747174581000
424,0,422,15464041845,1783481747237567000
424,1,419,15434799857,1783481747064929000
424,2,416,15568766528,1783481747085960000
424,3,421,15433866518,1783481747206622000
425,0,423,15497375178,1783481747269561000
425,1,420,15468133190,1783481747096964000
425,2,417,15602099861,1783481747117957000
425,3,422,15467199851,1783481747238692000
426,0,424,15664041843,1783481747429675000
426,1,421,15668133188,1783481747289138000
426,2,418,15668766527,1783481747181982000
427,0,425,15830708508,1783481747589763000
427,1,422,15801466520,1783481747431047000
427,2,419,15802099859,1783481747310117000
427,3,423,15800533181,1783481747623210000
428,0,426,15864041841,1783481747621783000
428,1,423,15834799853,1783481747463138000
428,2,420,15835433192,1783481747463130000
428,3,424,15833866514,1783481747655227000
429,0,427,15897375174,1783481747653807000
429,1,424,15868133186,1783481747486644000
429,2,421,15868766525,1783481747486646000
429,3,425,15867199847,1783481747687262000
430,0,428,15930708507,1783481747685821000
430,1,425,15901466519,1783481747577441000
430,2,422,15902099858,1783481747527212000
430,3,426,15900533180,1783481747719310000
431,0,429,15964041840,1783481747717851000
431,1,426,15934799852,1783481747609480000
431,2,423,15935433191,1783481747585967000
431,3,427,15933866513,1783481747751351000
432,0,430,15997375173,1783481747749868000
432,1,427,15968133185,1783481747641518000
432,2,424,15968766524,1783481747599658000
432,3,428,15967199846,1783481747783405000
433,0,431,16030708506,1783481747781896000
433,1,428,16001466518,1783481747673536000
433,2,425,16002099857,1783481747623353000
433,3,429,16000533179,1783481747815453000
434,0,432,16064041839,1783481747813950000
434,1,429,16034799851,1783481747705570000
434,2,426,16035433190,1783481747655316000
434,3,430,16033866512,1783481747847509000
435,0,433,16097375172,1783481747845979000
435,1,430,16068133184,1783481747737614000
435,2,427,16068766523,1783481747687345000
435,3,431,16067199845,1783481747879538000
436,0,434,16130708505,1783481747877953000
436,1,431,16101466517,1783481747769650000
436,2,428,16102099856,1783481747719400000
436,3,432,16100533178,1783481747911585000
437,0,435,16164041838,1783481747909970000
437,1,432,16134799850,1783481747801716000
437,2,429,16135433189,1783481747751455000
437,3,433,16133866511,1783481747943618000
438,0,436,16197375171,1783481747942017000
438,1,433,16168133183,1783481747833747000
438,2,430,16168766522,1783481747783516000
438,3,434,16167199844,1783481747975695000
439,0,437,16230708504,1783481747974064000
439,1,434,16201466516,1783481747865742000
439,2,431,16202099855,1783481747815555000
439,3,435,16200533177,1783481748007775000
440,0,438,16264041837,1783481748006076000
440,1,435,16234799849,1783481747897770000
440,2,432,16235433188,1783481747847630000
440,3,436,16233866510,1783481748039776000
441,0,439,16297375170,1783481748038108000
441,1,436,16268133182,1783481747929822000
441,2,433,16268766521,1783481747879631000
441,3,437,16267199843,1783481748071813000
442,0,440,16330708503,1783481748070108000
442,1,437,16301466515,1783481747961886000
442,2,434,16302099854,1783481747911663000
442,3,438,16300533176,1783481748103821000
443,0,441,16364041836,1783481748102105000
443,1,438,16334799848,1783481747993927000
443,2,435,16335433187,1783481747943718000
443,3,439,16333866509,1783481748135864000
444,0,442,16397375169,1783481748134123000
444,1,439,16368133181,1783481748025958000
444,2,436,16368766520,1783481747975824000
444,3,440,16367199842,1783481748167909000
445,0,443,16430708502,1783481748166151000
445,1,440,16401466514,1783481748057993000
445,2,437,16402099853,1783481748007891000
445,3,441,16400533175,1783481748199962000
446,0,444,16464041835,1783481748198182000
446,1,441,16434799847,1783481748089976000
446,2,438,16435433186,1783481748039885000
446,3,442,16433866508,1783481748232001000
447,0,445,16497375168,1783481748230192000
447,1,442,16468133180,1783481748121995000
447,2,439,16468766519,1783481748071919000
447,3,443,16467199841,1783481748264067000
448,0,446,16530708501,1783481748262209000
448,1,443,16501466513,1783481748154032000
448,2,440,16502099852,1783481748103908000
448,3,444,16500533174,1783481748296096000
449,0,447,16564041834,1783481748294253000
449,1,444,16534799846,1783481748186060000
449,2,441,16535433185,1783481748135965000
449,3,445,16533866507,1783481748328144000
450,0,448,16597375167,1783481748390510000
450,1,445,16601466512,1783481748250155000
450,2,442,16568766518,1783481748168002000
450,3,446,16600533173,1783481748392249000
451,0,449,16630708500,1783481748422325000
451,1,446,16634799845,1783481748282220000
451,2,443,16602099851,1783481748200059000
451,3,447,16633866506,1783481748424246000
452,0,450,16664041833,1783481748454326000
452,1,447,16668133178,1783481748314248000
452,2,444,16635433184,1783481748232090000
452,3,448,16667199839,1783481748456290000
453,0,451,16697375166,1783481748486361000
453,1,448,16701466511,1783481748346236000
453,2,445,16668766517,1783481748264169000
453,3,449,16700533172,1783481748488336000
454,0,452,16730708499,1783481748518387000
454,1,449,16734799844,1783481748378286000
454,2,446,16702099850,1783481748296206000
454,3,450,16733866505,1783481748520379000
455,0,453,16764041832,1783481748550398000
455,1,450,16768133177,1783481748410316000
455,2,447,16735433183,1783481748336658000
455,3,451,16767199838,1783481748552422000
456,0,454,16797375165,1783481748582443000
456,1,451,16801466510,1783481748442337000
456,2,448,16768766516,1783481748392449000
456,3,452,16800533171,1783481748584475000
457,0,455,16830708498,1783481748614441000
457,1,452,16834799843,1783481748474391000
457,2,449,16802099849,1783481748424360000
457,3,453,16833866504,1783481748616524000
458,0,456,16864041831,1783481748646462000
458,1,453,16868133176,1783481748506400000
458,2,450,16835433182,1783481748456388000
458,3,454,16867199837,1783481748648563000
459,0,457,17064041829,1783481748838609000
459,1,454,17034799841,1783481748666566000
459,2,451,17035433180,1783481748648644000
460,0,458,17264041827,1783481749030723000
460,1,455,17268133172,1783481748905004000
460,2,452,17235433178,1783481748857173000
461,0,459,17464041825,1783481749222861000
461,1,456,17434799837,1783481749115014000
461,2,453,17435433176,1783481749059480000
461,3,455,17433866498,1783481749257376000
462,0,460,17497375158,1783481749254884000
462,1,457,17468133170,1783481749147055000
462,2,454,17468766509,1783481749097253000
462,3,456,17467199831,1783481749289415000
463,0,461,17530708491,1783481749286899000
463,1,458,17501466503,1783481749179082000
463,2,455,17502099842,1783481749129293000
463,3,457,17500533164,1783481749321455000
464,0,462,17564041824,1783481749318916000
464,1,459,17534799836,1783481749211116000
464,2,456,17535433175,1783481749161401000
464,3,458,17533866497,1783481749353488000
465,0,463,17597375157,1783481749350920000
465,1,460,17568133169,1783481749243176000
465,2,457,17568766508,1783481749193436000
465,3,459,17567199830,1783481749385539000
466,0,464,17630708490,1783481749382966000
466,1,461,17601466502,1783481749275216000
466,2,458,17602099841,1783481749257532000
466,3,460,17600533163,1783481749417554000
467,0,465,17664041823,1783481749414980000
467,1,462,17634799835,1783481749307219000
467,2,459,17635433174,1783481749257542000
467,3,461,17633866496,1783481749449618000
468,0,466,17697375156,1783481749446984000
468,1,463,17668133168,1783481749339255000
468,2,460,17668766507,1783481749289508000
468,3,462,17667199829,1783481749481669000
469,0,467,17730708489,1783481749479017000
469,1,464,17701466501,1783481749371294000
469,2,461,17702099840,1783481749321539000
469,3,463,17700533162,1783481749513712000
470,0,468,17764041822,1783481749511022000
470,1,465,17734799834,1783481749403329000
470,2,462,17735433173,1783481749353567000
470,3,464,17733866495,1783481749545748000
471,0,469,17797375155,1783481749543047000
471,1,466,17768133167,1783481749435345000
471,2,463,17768766506,1783481749385644000
471,3,465,17767199828,1783481749577779000
472,0,470,17830708488,1783481749575065000
472,1,467,17801466500,1783481749467395000
472,2,464,17802099839,1783481749417642000
472,3,466,17800533161,1783481749609832000
473,0,471,17864041821,1783481749607099000
473,1,468,17834799833,1783481749499423000
473,2,465,17835433172,1783481749449701000
473,3,467,17833866494,1783481749641878000
474,0,472,17897375154,1783481749639129000
474,1,469,17868133166,1783481749531430000
474,2,466,17868766505,1783481749481749000
474,3,468,17867199827,1783481749673958000
475,0,473,17930708487,1783481749671172000
475,1,470,17901466499,1783481749563488000
475,2,467,17902099838,1783481749513806000
475,3,469,17900533160,1783481749705983000
476,0,474,17964041820,1783481749703212000
476,1,471,17934799832,1783481749595524000
476,2,468,17935433171,1783481749545828000
476,3,470,17933866493,1783481749738031000
477,0,475,17997375153,1783481749799239000
477,1,472,18001466498,1783481749659608000
477,2,469,18002099837,1783481749609934000
477,3,471,18000533159,1783481749802102000
478,0,476,18030708486,1783481749831267000
478,1,473,18034799831,1783481749691638000
478,2,470,18035433170,1783481749641970000
478,3,472,18033866492,1783481749834110000
479,0,477,18064041819,1783481749863253000
479,1,474,18068133164,1783481749723685000
479,2,471,18068766503,1783481749674058000
479,3,473,18067199825,1783481749866170000
480,0,478,18097375152,1783481749895271000
480,1,475,18101466497,1783481749755707000
480,2,472,18102099836,1783481749706115000
480,3,474,18100533158,1783481749898202000
481,0,479,18130708485,1783481749927308000
481,1,476,18134799830,1783481749787727000
481,2,473,18135433169,1783481749746520000
481,3,475,18133866491,1783481749930269000
482,0,480,18164041818,1783481749959348000
482,1,477,18168133163,1783481749819783000
482,2,474,18168766502,1783481749802270000
482,3,476,18167199824,1783481749962325000
483,0,481,18197375151,1783481749991368000
483,1,478,18201466496,1783481749851784000
483,2,475,18202099835,1783481749802278000
483,3,477,18200533157,1783481749994355000
484,0,482,18230708484,1783481750023366000
484,1,479,18234799829,1783481749883809000
484,2,476,18235433168,1783481749834215000
484,3,478,18233866490,1783481750026384000
485,0,483,18264041817,1783481750055414000
485,1,480,18268133162,1783481749915845000
485,2,477,18268766501,1783481749866250000
485,3,479,18267199823,1783481750058442000
486,0,484,18464041815,1783481750247517000
486,1,481,18468133160,1783481750108045000
486,2,478,18435433166,1783481750026466000
487,0,485,18664041813,1783481750439633000
487,1,482,18668133158,1783481750300236000
487,2,479,18668766497,1783481750314904000
488,0,486,18864041811,1783481750631814000
488,1,483,18868133156,1783481750556539000
488,2,480,18868766495,1783481750460537000
489,0,487,19064041809,1783481750823897000
489,1,484,19068133154,1783481750748737000
489,2,481,19068766493,1783481750661803000
490,0,488,19130708475,1783481750887932000
490,1,485,19101466487,1783481750780760000
490,2,482,19102099826,1783481750731463000
490,3,480,19100533148,1783481750923607000
491,0,489,19164041808,1783481750919960000
491,1,486,19134799820,1783481750812763000
491,2,483,19135433159,1783481750763538000
491,3,481,19133866481,1783481750955646000
492,0,490,19197375141,1783481750951979000
492,1,487,19168133153,1783481750844803000
492,2,484,19168766492,1783481750795523000
492,3,482,19167199814,1783481750987694000
493,0,491,19230708474,1783481750984013000
493,1,488,19201466486,1783481750876834000
493,2,485,19202099825,1783481750827860000
493,3,483,19200533147,1783481751019727000
494,0,492,19264041807,1783481751016030000
494,1,489,19234799819,1783481750908865000
494,2,486,19235433158,1783481750859891000
494,3,484,19233866480,1783481751051771000
495,0,493,19297375140,1783481751048033000
495,1,490,19268133152,1783481750940909000
495,2,487,19268766491,1783481750868370000
495,3,485,19267199813,1783481751083803000
496,0,494,19330708473,1783481751080061000
496,1,491,19301466485,1783481750972945000
496,2,488,19302099824,1783481750923707000
496,3,486,19300533146,1783481751115898000
497,0,495,19364041806,1783481751112085000
497,1,492,19334799818,1783481751004971000
497,2,489,19335433157,1783481750955729000
497,3,487,19333866479,1783481751147889000
498,0,496,19397375139,1783481751208147000
498,1,493,19401466484,1783481751069043000
498,2,490,19402099823,1783481751019821000
498,3,488,19400533145,1783481751211978000
499,0,497,19430708472,1783481751240159000
499,1,494,19434799817,1783481751101090000
499,2,491,19435433156,1783481751051895000
499,3,489,19433866478,1783481751244007000
500,0,498,19464041805,1783481751272202000
500,1,495,19468133150,1783481751133106000
500,2,492,19468766489,1783481751083923000
500,3,490,19467199811,1783481751276061000
501,0,499,19497375138,1783481751304197000
501,1,496,19501466483,1783481751165135000
501,2,493,19502099822,1783481751116023000
501,3,491,19500533144,1783481751308080000
502,0,500,19530708471,1783481751336234000
502,1,497,19534799816,1783481751197161000
502,2,494,19535433155,1783481751156340000
502,3,492,19533866477,1783481751340156000
503,0,501,19564041804,1783481751368270000
503,1,498,19568133149,1783481751229206000
503,2,495,19568766488,1783481751212132000
503,3,493,19567199810,1783481751372181000
504,0,502,19597375137,1783481751400281000
504,1,499,19601466482,1783481751261238000
504,2,496,19602099821,1783481751212140000
504,3,494,19600533143,1783481751404231000
505,0,503,19630708470,1783481751432299000
505,1,500,19634799815,1783481751293267000
505,2,497,19635433154,1783481751244112000
505,3,495,19633866476,1783481751436278000
506,0,504,19664041803,1783481751464307000
506,1,501,19668133148,1783481751325326000
506,2,498,19668766487,1783481751276155000
506,3,496,19667199809,1783481751468304000
507,0,505,19864041801,1783481751656450000
507,1,502,19868133146,1783481751517489000
507,2,499,19868766485,1783481751468385000
508,0,506,20064041799,1783481751848569000
508,1,503,20068133144,1783481751709691000
508,2,500,20068766483,1783481751676925000
509,0,507,20264041797,1783481752040706000
509,1,504,20268133142,1783481751965953000
509,2,501,20268766481,1783481751878268000
510,0,508,20464041795,1783481752232829000
510,1,505,20468133140,1783481752158162000
510,2,502,20468766479,1783481752085680000
511,0,509,20664041793,1783481752424966000
511,1,506,20668133138,1783481752350353000
511,2,503,20668766477,1783481752286441000
512,0,510,20764041792,1783481752521053000
512,1,507,20734799804,1783481752414467000
512,2,504,20735433143,1783481752365616000
512,3,497,20733866465,1783481752557800000
513,0,511,20830708458,1783481752649114000
513,1,508,20834799803,1783481752510539000
513,2,505,20835433142,1783481752461784000
513,3,498,20833866464,1783481752653891000
514,0,512,20864041791,1783481752681140000
514,1,509,20868133136,1783481752542589000
514,2,506,20868766475,1783481752486958000
514,3,499,20867199797,1783481752685952000
515,0,513,20897375124,1783481752713132000
515,1,510,20901466469,1783481752574626000
515,2,507,20902099808,1783481752551218000
515,3,500,20900533130,1783481752717972000
516,0,514,20930708457,1783481752745155000
516,1,511,20934799802,1783481752606622000
516,2,508,20935433141,1783481752557939000
516,3,501,20933866463,1783481752750008000
517,0,515,20964041790,1783481752777179000
517,1,512,20968133135,1783481752638674000
517,2,509,20968766474,1783481752598290000
517,3,502,20967199796,1783481752782048000
518,0,516,20997375123,1783481752809223000
518,1,513,21001466468,1783481752670741000
518,2,510,21002099807,1783481752654069000
518,3,503,21000533129,1783481752814121000
519,0,517,21030708456,1783481752841231000
519,1,514,21034799801,1783481752702751000
519,2,511,21035433140,1783481752654080000
519,3,504,21033866462,1783481752846157000
520,0,518,21064041789,1783481752873232000
520,1,515,21068133134,1783481752734769000
520,2,512,21068766473,1783481752686083000
520,3,505,21067199795,1783481752878176000
521,0,519,21264041787,1783481753065369000
521,1,516,21268133132,1783481752926960000
521,2,513,21268766471,1783481752878287000
522,0,520,21464041785,1783481753257488000
522,1,517,21468133130,1783481753119145000
522,2,514,21468766469,1783481753086802000
523,0,521,21697375116,1783481753481658000
523,1,518,21701466461,1783481753407481000
523,2,515,21702099800,1783481753326882000
524,0,522,21897375114,1783481753673764000
524,1,519,21901466459,1783481753599682000
524,2,516,21902099798,1783481753496393000
525,0,523,22097375112,1783481753865895000
525,1,520,22101466457,1783481753791898000
525,2,517,22102099796,1783481753704362000
526,1,521,22301466455,1783481753984106000
526,2,518,22302099794,1783481753912062000
527,0,524,22497375108,1783481754314178000
527,1,522,22501466453,1783481754176253000
527,2,519,22502099792,1783481754112241000
528,0,525,22697375106,1783481754506301000
528,1,523,22701466451,1783481754368477000
528,2,520,22702099790,1783481754314309000
529,1,524,22934799782,1783481754656736000
529,2,521,22935433121,1783481754576707000
530,0,526,23130708435,1783481754922585000
530,1,525,23134799780,1783481754848945000
530,2,522,23135433119,1783481754740860000
531,0,527,23330708433,1783481755114704000
531,1,526,23334799778,1783481755041130000
531,2,523,23335433117,1783481754937850000
532,0,528,23530708431,1783481755306838000
532,1,527,23534799776,1783481755233368000
532,2,524,23535433115,1783481755146373000
533,1,528,23768133107,1783481755457588000
533,2,525,23768766446,1783481755402084000
534,1,529,23968133105,1783481755649773000
534,2,526,23968766444,1783481755562251000
535,1,530,24168133103,1783481755842005000
535,2,527,24168766442,1783481755763799000
536,0,529,24364041756,1783481756171405000
536,1,531,24368133101,1783481756098275000
536,2,528,24368766440,1783481755971635000
537,0,530,24564041754,1783481756363535000
537,1,532,24568133099,1783481756290441000
537,2,529,24568766438,1783481756182168000
538,0,531,24764041752,1783481756555662000
538,1,533,24768133097,1783481756482616000
538,2,530,24768766436,1783481756379437000
539,0,532,24964041750,1783481756747800000
539,1,534,24968133095,1783481756674832000
539,2,531,24968766434,1783481756587236000
540,1,535,25168133093,1783481756867009000
540,2,532,25168766432,1783481756787589000
541,1,536,25401466424,1783481757091303000
541,2,533,25402099763,1783481757035702000
542,1,537,25601466422,1783481757283422000
542,2,534,25602099761,1783481757195959000
543,1,538,25801466420,1783481757539700000
543,2,535,25802099759,1783481757396693000
544,1,539,26001466418,1783481757731918000
544,2,536,26002099757,1783481757623424000
545,0,533,26197375071,1783481757996610000
545,1,540,26201466416,1783481757924118000
545,2,537,26202099755,1783481757815626000
546,1,541,26401466414,1783481758116314000
546,2,538,26402099753,1783481758007796000
547,1,542,26601466412,1783481758308497000
547,2,539,26602099751,1783481758205784000
548,1,543,26801466410,1783481758500731000
548,2,540,26802099749,1783481758412966000
549,1,544,27001466408,1783481758692905000
549,2,541,27002099747,1783481758613729000
550,1,545,27234799739,1783481758981198000
550,2,542,27235433078,1783481758872575000
551,1,546,27434799737,1783481759173395000
551,2,543,27435433076,1783481759064777000
552,0,534,27630708390,1783481759437523000
552,1,547,27634799735,1783481759365588000
552,2,544,27635433074,1783481759256941000
553,1,548,27834799733,1783481759557846000
553,2,545,27835433072,1783481759449097000
554,1,549,28034799731,1783481759749979000
554,2,546,28035433070,1783481759641273000
555,1,550,28234799729,1783481759942192000
555,2,547,28235433068,1783481759846168000
556,1,551,28468133060,1783481760166408000
556,2,548,28468766399,1783481760096431000
557,1,552,28668133058,1783481760422694000
557,2,549,28668766397,1783481760313902000
558,1,553,28868133056,1783481760614926000
558,2,550,28868766395,1783481760506068000
559,0,535,29064041709,1783481760878498000
559,1,554,29068133054,1783481760807063000
559,2,551,29068766393,1783481760698237000
560,1,555,29268133052,1783481760999291000
560,2,552,29268766391,1783481760890409000
561,1,556,29501466383,1783481761223538000
561,2,553,29502099722,1783481761134771000
562,1,557,29701466381,1783481761415727000
562,2,554,29702099720,1783481761306794000
563,1,558,29901466379,1783481761671965000
563,2,555,29902099718,1783481761498983000
564,1,559,30101466377,1783481761864157000
564,2,556,30102099716,1783481761755176000
565,1,560,30301466375,1783481762056429000
565,2,557,30302099714,1783481761947371000
566,1,561,30501466373,1783481762248592000
566,2,558,30502099712,1783481762139566000
567,1,562,30701466371,1783481762440765000
567,2,559,30702099710,1783481762331717000
568,1,563,30901466369,1783481762632971000
568,2,560,30902099708,1783481762523901000
569,1,564,31101466367,1783481762825186000
569,2,561,31102099706,1783481762716051000
570,1,565,31301466365,1783481763081431000
570,2,562,31302099704,1783481762916038000
571,1,566,31501466363,1783481763273619000
571,2,563,31502099702,1783481763164457000
572,1,567,31701466361,1783481763465819000
572,2,564,31702099700,1783481763356632000
573,1,568,31934799692,1783481763690034000
573,2,565,31935433031,1783481763580834000
574,1,569,32134799690,1783481763882252000
574,2,566,32135433029,1783481763773012000
575,1,570,32334799688,1783481764074454000
575,2,567,32335433027,1783481763965199000
576,1,571,32534799686,1783481764266633000
576,2,568,32535433025,1783481764157349000
577,2,569,32735433023,1783481764349538000
