batch_idx,t_mono,n_in_batch,n_active,timeout_us,mux_batch,compute_ms,e2e_ms,total_dets,new_ids_cum,dets_cam0,dets_cam1,dets_cam2,dets_cam3
0,1.8682,4,4,33333,4,1292.911,1293.981,0,0,0,0,0,0
1,1.8694,4,4,33333,4,1285.084,1294.532,0,0,0,0,0,0
2,1.9025,4,4,33333,4,1316.541,1325.667,0,0,0,0,0,0
3,1.9361,4,4,33333,4,1348.216,1352.002,0,0,0,0,0,0
4,1.9693,4,4,33333,4,99.524,1381.554,0,0,0,0,0,0
5,2.0029,4,4,33333,4,99.351,122.384,1,1,1,0,0,0
6,2.0369,4,4,33333,4,100.514,133.890,1,1,1,0,0,0
7,2.0703,4,4,33333,4,100.903,133.682,2,2,1,0,0,1
8,2.1029,4,4,33333,4,99.690,133.297,1,2,0,0,0,1
9,2.1502,4,4,33333,4,79.550,113.825,1,2,0,0,0,1
10,2.1694,4,4,33333,4,96.459,131.373,2,3,0,0,1,1
11,2.2364,4,4,33333,4,132.911,166.438,1,3,0,0,0,1
12,2.2381,4,4,33333,4,88.458,134.751,2,3,0,0,1,1
13,2.2703,4,4,33333,4,100.402,121.201,2,3,0,0,1,1
14,2.3087,4,4,33333,4,105.965,138.991,2,3,0,0,1,1
15,2.3362,4,4,33333,4,99.359,132.908,2,3,0,0,1,1
16,2.3695,4,4,33333,4,98.782,132.100,2,3,0,0,1,1
17,2.4028,4,4,33333,4,100.070,133.063,2,3,0,0,1,1
18,2.4360,4,4,33333,4,98.981,132.722,1,3,0,0,0,1
19,2.4694,4,4,33333,4,99.234,132.706,1,3,0,0,0,1
20,2.5029,4,4,33333,4,99.773,133.043,2,3,0,0,1,1
21,2.5363,4,4,33333,4,100.065,133.056,1,3,0,0,0,1
22,2.5695,4,4,33333,4,99.935,132.890,2,3,0,0,1,1
23,2.6028,4,4,33333,4,99.484,132.884,1,3,0,0,0,1
24,2.6359,4,4,33333,4,98.876,132.431,2,3,0,0,1,1
25,2.6694,4,4,33333,4,99.495,132.727,1,3,0,0,0,1
26,2.7030,4,4,33333,4,99.346,132.996,1,3,0,0,0,1
27,2.7360,4,4,33333,4,99.518,132.734,1,3,0,0,0,1
28,2.7700,4,4,33333,4,100.191,133.646,2,3,0,0,1,1
29,2.8026,4,4,33333,4,98.775,132.713,1,3,0,0,0,1
30,2.8361,4,4,33333,4,99.625,132.531,2,3,0,0,1,1
31,2.8702,4,4,33333,4,98.922,133.509,1,3,0,0,0,1
32,2.9028,4,4,33333,4,98.764,131.920,1,3,0,0,0,1
33,2.9361,4,4,33333,4,98.577,132.146,1,3,0,0,0,1
34,2.9695,4,4,33333,4,97.610,132.342,2,3,0,0,1,1
35,3.0029,4,4,33333,4,99.639,130.861,1,3,0,0,0,1
36,3.0363,4,4,33333,4,99.961,132.957,1,3,0,0,0,1
37,3.0695,4,4,33333,4,99.218,133.012,2,3,0,0,1,1
38,3.1041,4,4,33333,4,100.315,133.637,2,3,0,0,1,1
39,3.1361,4,4,33333,4,98.099,132.756,1,3,0,0,0,1
40,3.1697,4,4,33333,4,99.825,131.898,1,3,0,0,0,1
41,3.2028,4,4,33333,4,99.676,132.714,1,3,0,0,0,1
42,3.2361,4,4,33333,4,99.062,132.803,1,3,0,0,0,1
43,3.2694,4,4,33333,4,98.315,132.481,1,3,0,0,0,1
44,3.3032,4,4,33333,4,99.236,132.306,1,3,0,0,0,1
45,3.3361,4,4,33333,4,99.266,132.462,1,3,0,0,0,1
46,3.3700,4,4,33333,4,99.657,133.080,1,3,0,0,0,1
47,3.4028,4,2,16666,2,99.175,132.647,1,3,0,0,0,1
48,3.4366,4,2,16666,2,99.455,132.855,2,4,0,0,1,1
49,3.4697,4,2,16666,2,98.841,132.953,2,4,0,0,1,1
50,3.5029,4,2,16666,2,99.318,132.418,2,4,0,0,1,1
51,3.5368,2,2,16666,2,83.955,133.098,0,4,0,0,0,0
52,3.5692,2,2,16666,2,81.545,132.133,0,4,0,0,0,0
53,3.6027,2,2,16666,2,82.023,132.434,1,5,1,0,0,0
54,3.6361,2,2,16666,2,81.741,132.416,1,5,1,0,0,0
55,3.6694,2,2,16666,2,82.300,132.673,1,6,0,1,0,0
56,3.7029,2,2,16666,2,81.800,133.065,1,6,0,1,0,0
57,3.7359,2,2,16666,2,81.560,132.434,1,6,0,1,0,0
58,3.7694,2,2,16666,2,48.951,132.819,1,6,0,1,0,0
59,3.8029,2,2,16666,2,64.194,132.453,1,6,0,1,0,0
60,3.8361,2,2,16666,2,79.147,132.406,1,6,0,1,0,0
61,3.8696,2,2,16666,2,83.476,133.264,1,6,0,1,0,0
62,3.9029,2,2,16666,2,81.906,133.113,1,6,0,1,0,0
63,3.9359,2,2,16666,2,81.816,132.569,1,6,0,1,0,0
64,3.9694,2,2,16666,2,81.557,99.112,1,6,0,1,0,0
65,4.0026,2,2,16666,2,83.296,131.729,1,6,0,1,0,0
66,4.0361,2,2,16666,2,83.027,132.840,1,6,0,1,0,0
67,4.0694,2,2,16666,2,82.433,133.323,2,6,1,1,0,0
68,4.1027,2,2,16666,2,81.465,132.811,2,6,1,1,0,0
69,4.1361,2,2,16666,2,81.632,132.968,2,6,1,1,0,0
70,4.1694,2,2,16666,2,81.367,132.721,2,6,1,1,0,0
71,4.2028,2,2,16666,2,82.845,132.889,2,6,1,1,0,0
72,4.2361,2,2,16666,2,82.110,133.136,2,6,1,1,0,0
73,4.2694,2,2,16666,2,83.458,132.937,2,6,1,1,0,0
74,4.3028,2,2,16666,2,83.533,133.002,2,6,1,1,0,0
75,4.3359,2,2,16666,2,83.264,132.763,2,6,1,1,0,0
76,4.3694,2,2,16666,2,82.624,132.712,2,6,1,1,0,0
77,4.4028,2,2,16666,2,83.502,133.042,2,6,1,1,0,0
78,4.4361,2,2,16666,2,83.570,132.924,2,6,1,1,0,0
79,4.4693,2,2,16666,2,83.357,133.196,2,6,1,1,0,0
80,4.5028,2,2,16666,2,83.439,133.016,2,6,1,1,0,0
81,4.5361,2,2,16666,2,82.761,132.993,2,6,1,1,0,0
82,4.5694,2,2,16666,2,82.925,132.953,2,6,1,1,0,0
83,4.6027,2,2,16666,2,83.469,133.225,2,6,1,1,0,0
84,4.6360,2,2,16666,2,82.197,132.973,2,6,1,1,0,0
85,4.6694,2,2,16666,2,81.629,132.481,1,6,1,0,0,0
86,4.7026,2,2,16666,2,81.538,132.915,1,6,1,0,0,0
87,4.7361,2,2,16666,2,80.596,132.839,1,6,1,0,0,0
88,4.7694,2,2,16666,2,83.381,132.508,1,6,1,0,0,0
89,4.8028,2,2,16666,2,83.541,133.024,2,7,1,1,0,0
90,4.8361,2,2,16666,2,83.468,133.055,2,7,1,1,0,0
91,4.8693,2,2,16666,2,83.301,132.828,2,7,1,1,0,0
92,4.9028,2,2,16666,2,83.448,133.036,2,7,1,1,0,0
93,4.9361,2,2,16666,2,83.460,132.604,2,7,1,1,0,0
94,4.9695,2,2,16666,2,83.517,132.963,2,7,1,1,0,0
95,5.0028,2,2,16666,2,83.515,133.193,2,7,1,1,0,0
96,5.0361,2,2,16666,2,81.031,132.895,2,7,1,1,0,0
97,5.0696,2,2,16666,2,82.736,132.542,1,7,1,0,0,0
98,5.1028,2,2,16666,2,83.459,132.913,1,7,1,0,0,0
99,5.1361,2,2,16666,2,81.748,132.896,1,7,1,0,0,0
100,5.1694,2,2,16666,2,82.050,132.660,1,7,1,0,0,0
101,5.2028,2,2,16666,2,83.460,132.653,1,7,1,0,0,0
102,5.2361,2,2,16666,2,83.383,132.888,1,7,1,0,0,0
103,5.2694,2,2,16666,2,82.576,132.969,1,7,1,0,0,0
104,5.3026,2,2,16666,2,83.077,132.627,0,7,0,0,0,0
105,5.3362,2,2,16666,2,82.847,132.969,0,7,0,0,0,0
106,5.3696,2,2,16666,2,82.937,133.169,1,7,0,1,0,0
107,5.4026,3,2,16666,2,83.141,132.766,0,7,0,0,0,0
108,5.4839,4,2,16666,2,46.844,180.762,2,7,0,1,0,0
109,5.5784,4,2,16666,2,92.377,141.520,3,7,1,1,0,0
110,5.5816,4,2,16666,2,94.058,95.695,4,7,1,1,0,0
111,5.5825,2,2,16666,2,76.530,94.989,1,7,0,1,0,0
112,5.6605,4,2,16666,2,72.479,81.073,4,7,1,1,0,0
113,5.6656,4,2,16666,2,64.930,73.310,4,7,1,1,0,0
114,5.6769,2,2,16666,2,56.558,73.458,1,7,0,1,0,0
115,5.7479,4,2,16666,2,77.493,85.966,4,7,1,1,0,0
116,5.7513,4,2,16666,2,68.336,76.462,3,7,1,1,0,0
117,5.7595,2,2,16666,2,56.147,73.045,1,7,0,1,0,0
118,5.8224,4,2,16666,2,65.441,72.874,5,8,1,2,0,0
119,5.8253,4,2,16666,2,55.698,65.001,5,8,1,2,0,0
120,5.8360,2,2,16666,2,46.757,63.610,3,8,1,2,0,0
121,5.8912,4,2,16666,2,59.791,67.332,3,8,0,1,0,0
122,5.9027,4,2,16666,2,58.106,66.274,5,8,1,1,0,0
123,5.9362,2,2,16666,2,49.752,66.639,2,8,1,1,0,0
124,5.9704,4,2,16666,2,60.122,67.087,5,8,1,2,0,0
125,6.0028,2,2,16666,2,49.152,66.113,2,8,1,0,0,0
126,6.0361,3,2,16666,2,48.515,66.705,5,8,1,2,0,0
127,6.0695,3,2,16666,2,64.097,98.386,5,8,1,2,0,0
128,6.1028,2,2,16666,2,79.079,95.971,3,8,1,2,0,0
129,6.1360,2,2,16666,2,82.545,99.432,2,8,1,0,0,0
130,6.1694,3,2,16666,2,82.529,99.485,5,8,1,2,0,0
131,6.2027,3,2,16666,2,82.216,99.132,4,8,1,1,0,0
132,6.2360,2,2,16666,2,82.518,99.442,2,8,1,1,0,0
133,6.2693,2,2,16666,2,82.527,99.426,0,8,0,0,0,0
134,6.3027,3,2,16666,2,82.574,99.530,2,8,0,1,0,0
135,6.3360,3,2,16666,2,82.590,99.507,2,8,0,1,0,0
136,6.3695,2,2,16666,2,82.734,99.601,1,8,0,1,0,0
137,6.4027,2,2,16666,2,82.608,99.508,2,8,1,0,0,0
138,6.4360,2,2,16666,2,82.626,99.505,1,8,0,1,0,0
139,6.4695,3,2,16666,2,81.999,100.182,3,8,1,1,0,0
140,6.5028,3,2,16666,2,83.545,126.263,2,8,1,0,0,0
141,6.5360,2,2,16666,2,82.500,99.498,2,8,1,0,0,0
142,6.5693,2,2,16666,2,82.315,99.308,2,8,1,1,0,0
143,6.6027,3,2,16666,2,82.432,99.320,2,8,1,1,0,0
144,6.6361,3,2,16666,2,82.724,99.663,2,9,0,1,0,0
145,6.6692,2,2,16666,2,82.534,99.396,0,9,0,0,0,0
146,6.7027,2,2,16666,2,82.451,99.424,1,9,0,1,0,0
147,6.7360,3,2,16666,2,82.424,99.245,2,9,0,1,0,0
148,6.7693,3,2,16666,2,82.498,99.407,2,9,0,1,0,0
149,6.8026,2,2,16666,2,82.248,99.155,0,9,0,0,0,0
150,6.8359,2,2,16666,2,82.389,99.294,1,9,0,1,0,0
151,6.8694,3,2,16666,2,82.429,99.409,3,9,1,1,0,0
152,6.9028,3,2,16666,2,82.698,99.558,3,9,1,1,0,0
153,6.9360,2,2,16666,2,82.642,99.576,2,9,1,0,0,0
154,6.9694,2,2,16666,2,82.508,99.415,2,9,1,1,0,0
155,7.0028,3,2,16666,2,82.531,99.484,3,9,1,1,0,0
156,7.0361,3,2,16666,2,82.759,99.708,3,9,1,1,0,0
157,7.0694,2,2,16666,2,82.606,99.531,1,9,0,0,0,0
158,7.1027,2,2,16666,2,82.413,99.491,1,9,0,1,0,0
159,7.1360,3,2,16666,2,82.503,99.427,2,9,0,1,0,0
160,7.1694,3,2,16666,2,82.580,99.543,2,9,0,1,0,0
161,7.2028,2,2,16666,2,82.659,99.552,0,9,0,0,0,0
162,7.2360,2,2,16666,2,82.402,99.386,1,9,0,1,0,0
163,7.2697,3,2,16666,2,82.784,99.754,2,9,0,1,0,0
164,7.3028,3,2,16666,2,82.304,99.304,2,9,0,1,0,0
165,7.3360,1,2,16666,2,82.505,99.503,0,9,0,0,0,0
166,7.3693,3,2,16666,2,81.763,99.208,1,9,0,1,0,0
167,7.4027,3,2,16666,2,82.555,99.493,2,9,0,1,0,0
168,7.4360,3,2,16666,2,82.520,99.487,2,9,0,1,0,0
169,7.4694,1,2,16666,2,82.473,99.395,0,9,0,0,0,0
170,7.5028,3,2,16666,2,82.883,99.799,1,9,0,1,0,0
171,7.5361,3,2,16666,2,82.624,99.654,2,9,0,1,0,0
172,7.5695,3,2,16666,2,82.657,99.614,2,9,0,1,0,0
173,7.6027,1,2,16666,2,82.463,99.401,0,9,0,0,0,0
174,7.6360,3,2,16666,2,82.397,99.372,1,9,0,1,0,0
175,7.6695,3,2,16666,2,82.509,99.442,2,9,0,1,0,0
176,7.7029,3,2,16666,2,82.625,99.592,2,9,0,1,0,0
177,7.7358,1,2,16666,2,82.116,99.167,0,9,0,0,0,0
178,7.7695,3,2,16666,2,82.619,99.542,1,9,0,1,0,0
179,7.8028,2,2,16666,2,82.585,99.531,1,9,0,1,0,0
180,7.8361,3,2,16666,2,81.777,99.511,2,9,0,1,0,0
181,7.8694,2,2,16666,2,83.381,125.904,1,9,0,1,0,0
182,7.9027,3,2,16666,2,82.553,99.436,1,9,0,1,0,0
183,7.9359,2,2,16666,2,82.542,99.493,1,9,0,1,0,0
184,7.9694,3,2,16666,2,82.577,99.503,2,9,0,1,0,0
185,8.0027,2,2,16666,2,82.513,99.495,1,9,0,1,0,0
186,8.0361,3,2,16666,2,82.844,99.760,1,9,0,1,0,0
187,8.0694,2,2,16666,2,82.499,99.473,1,9,0,1,0,0
188,8.1028,3,2,16666,2,82.468,99.500,2,9,0,1,0,0
189,8.1363,2,2,16666,2,82.870,99.794,1,9,0,1,0,0
190,8.1694,3,2,16666,2,82.726,99.664,1,9,0,1,0,0
191,8.2031,1,2,16666,2,82.823,99.795,1,9,0,1,0,0
192,8.2362,3,2,16666,2,82.431,99.428,1,9,0,0,0,0
193,8.2693,2,2,16666,2,81.420,99.540,0,9,0,0,0,0
194,8.3027,2,2,16666,2,81.522,99.160,1,9,0,1,0,0
195,8.3361,3,2,16666,2,82.223,99.509,1,9,0,1,0,0
196,8.3694,3,2,16666,2,82.532,99.464,2,9,0,1,0,0
197,8.4028,2,2,16666,2,82.717,99.591,1,9,0,1,0,0
198,8.4361,2,2,16666,2,82.555,99.444,1,9,0,1,0,0
199,8.4694,3,2,16666,2,82.567,99.523,1,9,0,1,0,0
200,8.5028,3,2,16666,2,82.526,99.458,2,9,0,1,0,0
201,8.5361,2,2,16666,2,82.358,99.527,1,9,0,1,0,0
202,8.5694,2,2,16666,2,82.462,99.413,1,9,0,1,0,0
203,8.6026,3,2,16666,2,82.263,99.217,1,9,0,1,0,0
204,8.6361,3,2,16666,2,82.414,99.455,2,9,0,1,0,0
205,8.6694,2,2,16666,2,82.371,99.368,1,9,0,1,0,0
206,8.7028,2,2,16666,2,82.867,99.804,1,9,0,1,0,0
207,8.7361,3,2,16666,2,82.547,99.506,1,9,0,1,0,0
208,8.7695,3,2,16666,2,82.386,99.438,2,9,0,1,0,0
209,8.8028,2,2,16666,2,82.536,99.570,1,9,0,1,0,0
210,8.8359,2,2,16666,2,82.352,99.317,1,9,0,1,0,0
211,8.8694,3,2,16666,2,82.578,99.538,1,9,0,1,0,0
212,8.9028,3,2,16666,2,82.394,99.410,2,9,0,1,0,0
213,8.9361,2,2,16666,2,82.786,99.766,1,9,0,1,0,0
214,8.9694,2,2,16666,2,82.486,99.408,1,9,0,1,0,0
215,9.0026,3,2,16666,2,82.341,99.342,1,9,0,1,0,0
216,9.0361,3,2,16666,2,82.458,99.463,2,9,0,1,0,0
217,9.0693,2,2,16666,2,82.358,99.384,0,9,0,0,0,0
218,9.1027,2,2,16666,2,82.788,99.792,0,9,0,0,0,0
219,9.1360,3,2,16666,2,82.453,99.441,0,9,0,0,0,0
220,9.1693,3,2,16666,2,82.337,99.395,0,9,0,0,0,0
221,9.2027,2,2,16666,2,82.395,99.404,0,9,0,0,0,0
222,9.2360,2,2,16666,2,82.633,99.591,0,9,0,0,0,0
223,9.2693,3,2,16666,2,82.330,99.380,0,9,0,0,0,0
224,9.3027,3,2,16666,2,82.318,99.341,0,9,0,0,0,0
225,9.3360,2,2,16666,2,82.609,99.569,0,9,0,0,0,0
226,9.3692,2,2,16666,2,82.444,99.406,0,9,0,0,0,0
227,9.4027,3,2,16666,2,82.556,99.525,0,9,0,0,0,0
228,9.4361,3,2,16666,2,82.677,99.625,0,9,0,0,0,0
229,9.4694,2,2,16666,2,82.699,99.701,0,9,0,0,0,0
230,9.5027,2,2,16666,2,82.413,99.432,0,9,0,0,0,0
231,9.5360,3,2,16666,2,82.338,99.388,0,9,0,0,0,0
232,9.5694,3,2,16666,2,82.219,99.260,0,9,0,0,0,0
233,9.6027,2,2,16666,2,82.358,99.393,0,9,0,0,0,0
234,9.6360,2,2,16666,2,82.412,99.424,0,9,0,0,0,0
235,9.6694,3,2,16666,2,82.416,99.419,0,9,0,0,0,0
236,9.7028,3,2,16666,2,82.529,99.492,2,11,0,2,0,0
237,9.7361,2,2,16666,2,82.498,99.506,2,11,0,2,0,0
238,9.7695,2,2,16666,2,82.527,99.533,2,11,0,2,0,0
239,9.8029,3,2,16666,2,82.546,99.535,2,11,0,2,0,0
240,9.8362,3,2,16666,2,82.669,99.644,4,11,0,2,0,0
241,9.8695,2,2,16666,2,82.280,99.318,2,11,0,2,0,0
242,9.9028,2,2,16666,2,82.131,99.147,2,11,0,2,0,0
243,9.9361,3,2,16666,2,82.182,99.156,2,11,0,2,0,0
244,9.9695,3,2,16666,2,82.238,99.263,4,11,0,2,0,0
245,10.0028,2,2,16666,2,82.720,99.650,2,11,0,2,0,0
246,10.0360,2,2,16666,2,82.442,99.426,1,11,0,1,0,0
247,10.0694,3,2,16666,2,82.442,99.460,1,11,0,1,0,0
248,10.1028,3,2,16666,2,82.266,99.260,2,11,0,1,0,0
249,10.1359,2,2,16666,2,82.314,99.269,1,11,0,1,0,0
250,10.1694,2,2,16666,2,82.326,99.314,1,11,0,1,0,0
251,10.2028,3,2,16666,2,82.507,99.449,1,11,0,1,0,0
252,10.2361,3,2,16666,2,82.904,99.831,3,11,0,2,0,0
253,10.2694,2,2,16666,2,82.410,99.432,1,11,0,1,0,0
254,10.3028,2,2,16666,2,82.466,99.443,2,11,0,2,0,0
255,10.3361,3,2,16666,2,82.535,99.458,1,11,0,1,0,0
256,10.3696,3,2,16666,2,82.537,99.512,4,11,0,2,0,0
257,10.4028,2,2,16666,2,82.397,99.379,1,11,0,1,0,0
258,10.4361,2,2,16666,2,82.455,99.457,1,11,0,1,0,0
259,10.4694,3,2,16666,2,82.547,99.495,1,11,0,1,0,0
260,10.5028,3,2,16666,2,82.413,99.445,2,11,0,1,0,0
261,10.5361,2,2,16666,2,82.471,99.476,1,11,0,1,0,0
262,10.5694,2,2,16666,2,82.430,99.451,1,11,0,1,0,0
263,10.6028,3,2,16666,2,82.534,99.520,1,11,0,1,0,0
264,10.6361,3,2,16666,2,82.493,99.423,2,11,0,1,0,0
265,10.6693,2,2,16666,2,82.318,99.334,2,11,0,2,0,0
266,10.7028,2,2,16666,2,82.639,99.565,2,11,0,2,0,0
267,10.7360,3,2,16666,2,82.440,99.466,2,11,0,2,0,0
268,10.7696,3,2,16666,2,82.930,99.910,2,11,0,1,0,0
269,10.8028,2,2,16666,2,82.402,99.438,2,11,0,2,0,0
270,10.8359,2,2,16666,2,82.443,99.393,2,11,0,2,0,0
271,10.8695,3,2,16666,2,82.450,99.387,2,11,0,2,0,0
272,10.9025,3,2,16666,2,82.368,99.247,3,11,0,1,0,0
273,10.9359,2,2,16666,2,82.428,99.438,1,11,0,1,0,0
274,10.9693,2,2,16666,2,82.457,99.393,2,11,0,2,0,0
275,11.0027,3,2,16666,2,82.990,99.893,2,11,0,2,0,0
276,11.0359,3,2,16666,2,82.514,99.371,2,11,0,1,0,0
277,11.0693,2,2,16666,2,82.431,99.353,2,11,0,2,0,0
278,11.1026,2,2,16666,2,82.422,99.291,1,11,0,1,0,0
279,11.1358,3,2,16666,2,82.455,99.380,1,11,0,1,0,0
280,11.1693,3,2,16666,2,82.542,99.410,3,11,0,2,0,0
281,11.2027,2,2,16666,2,82.514,99.394,2,11,0,2,0,0
282,11.2359,2,2,16666,2,82.567,99.454,2,11,0,2,0,0
283,11.2693,3,2,16666,2,82.659,99.553,2,11,0,2,0,0
284,11.3027,3,2,16666,2,82.696,99.556,2,11,0,1,0,0
285,11.3360,2,2,16666,2,82.480,99.347,1,11,0,1,0,0
286,11.3693,2,2,16666,2,82.562,99.470,1,11,0,1,0,0
287,11.4028,3,2,16666,2,82.717,99.571,1,11,0,1,0,0
288,11.4359,3,2,16666,2,82.480,99.385,4,11,0,2,0,0
289,11.4693,2,2,16666,2,82.492,99.422,1,11,0,1,0,0
290,11.5028,2,2,16666,2,82.563,99.516,2,11,0,2,0,0
291,11.5360,3,2,16666,2,82.933,99.818,2,11,0,2,0,0
292,11.5694,3,2,16666,2,82.599,99.535,2,11,0,1,0,0
293,11.6027,2,2,16666,2,82.469,99.392,2,12,1,1,0,0
294,11.6360,2,2,16666,2,82.565,99.471,2,12,1,1,0,0
295,11.6693,3,2,16666,2,82.481,99.430,3,12,1,1,0,0
296,11.7028,3,2,16666,2,82.850,99.734,3,12,1,1,0,0
297,11.7360,2,2,16666,2,82.625,99.525,2,12,1,1,0,0
298,11.7694,2,2,16666,2,82.663,99.614,2,12,1,1,0,0
299,11.8028,3,2,16666,2,82.539,99.491,3,12,1,1,0,0
300,11.8360,3,2,16666,2,82.599,99.592,3,12,1,1,0,0
301,11.8694,2,2,16666,2,82.500,99.473,2,12,1,1,0,0
302,11.9027,2,2,16666,2,82.389,99.344,2,12,1,1,0,0
303,11.9361,3,2,16666,2,82.721,99.621,3,12,1,1,0,0
304,11.9693,3,2,16666,2,82.491,99.427,3,12,1,1,0,0
305,12.0027,2,2,16666,2,82.593,99.561,2,12,1,1,0,0
306,12.0360,2,2,16666,2,82.445,99.423,3,12,1,2,0,0
307,12.0694,3,2,16666,2,82.924,99.821,4,12,1,2,0,0
308,12.1029,3,2,16666,2,82.748,99.643,5,12,1,2,0,0
309,12.1360,2,2,16666,2,82.435,99.391,2,12,1,1,0,0
310,12.1694,2,2,16666,2,82.772,99.634,3,12,1,2,0,0
311,12.2026,3,2,16666,2,82.367,99.313,4,12,1,2,0,0
312,12.2361,3,2,16666,2,82.639,99.611,5,12,1,2,0,0
313,12.2694,2,2,16666,2,82.584,99.526,2,12,1,1,0,0
314,12.3027,2,2,16666,2,82.963,99.880,3,12,1,2,0,0
315,12.3362,3,2,16666,2,82.809,99.700,4,12,1,2,0,0
316,12.3694,3,2,16666,2,82.593,99.534,4,12,0,2,0,0
317,12.4029,2,2,16666,2,82.850,99.761,3,12,1,2,0,0
318,12.4361,2,2,16666,2,82.566,99.526,3,12,1,2,0,0
319,12.4695,3,2,16666,2,82.891,99.833,4,12,1,2,0,0
320,12.5029,3,2,16666,2,82.522,99.531,5,12,1,2,0,0
321,12.5362,2,2,16666,2,82.663,99.592,3,12,1,2,0,0
322,12.5695,2,2,16666,2,82.610,99.506,3,12,1,2,0,0
323,12.6029,3,2,16666,2,82.639,99.536,4,12,1,2,0,0
324,12.6363,3,2,16666,2,82.565,99.535,7,13,1,3,0,0
325,12.6695,2,2,16666,2,82.482,99.544,4,13,1,3,0,0
326,12.7029,2,2,16666,2,82.613,99.543,4,13,1,3,0,0
327,12.7362,3,2,16666,2,82.448,99.412,5,13,1,3,0,0
328,12.7696,3,2,16666,2,82.565,99.563,7,13,1,3,0,0
329,12.8029,2,2,16666,2,82.607,99.580,4,13,1,3,0,0
330,12.8360,2,2,16666,2,82.342,99.376,4,13,1,3,0,0
331,12.8694,3,2,16666,2,82.283,99.284,5,13,1,3,0,0
332,12.9028,3,2,16666,2,82.537,99.462,7,13,1,3,0,0
333,12.9360,2,2,16666,2,82.760,99.611,4,13,1,3,0,0
334,12.9696,2,2,16666,2,82.759,99.699,4,13,1,3,0,0
335,13.0028,3,2,16666,2,82.581,99.467,5,13,1,3,0,0
336,13.0361,3,2,16666,2,82.576,99.583,7,13,1,3,0,0
337,13.0693,2,2,16666,2,82.484,99.421,4,13,1,3,0,0
338,13.1028,2,2,16666,2,82.623,99.561,4,13,1,3,0,0
339,13.1363,3,2,16666,2,82.854,99.766,5,13,1,3,0,0
340,13.1697,3,2,16666,2,83.038,99.903,7,13,1,3,0,0
341,13.2027,2,2,16666,2,82.260,99.267,3,13,1,2,0,0
342,13.2360,2,2,16666,2,82.418,99.335,4,13,1,3,0,0
343,13.2694,3,2,16666,2,82.311,99.222,5,13,1,3,0,0
344,13.3028,3,2,16666,2,82.899,99.783,7,13,1,3,0,0
345,13.3361,2,2,16666,2,82.663,99.584,4,13,1,3,0,0
346,13.3693,2,2,16666,2,82.577,99.512,3,13,1,2,0,0
347,13.4027,3,2,16666,2,82.627,99.514,5,13,1,3,0,0
348,13.4362,3,2,16666,2,82.832,99.739,7,13,1,3,0,0
349,13.4695,2,2,16666,2,82.753,99.676,4,13,1,3,0,0
350,13.5031,2,2,16666,2,82.886,99.921,4,13,1,3,0,0
351,13.5361,3,2,16666,2,82.344,99.331,5,13,1,3,0,0
352,13.5695,3,2,16666,2,82.568,99.573,7,13,1,3,0,0
353,13.6028,2,2,16666,2,82.153,99.137,4,13,1,3,0,0
354,13.6360,2,2,16666,2,82.462,99.419,4,13,1,3,0,0
355,13.6694,3,2,16666,2,82.479,99.417,5,13,1,3,0,0
356,13.7029,3,2,16666,2,82.796,99.693,7,13,1,3,0,0
357,13.7360,2,2,16666,2,82.576,99.505,4,13,1,3,0,0
358,13.7696,2,2,16666,2,82.836,99.749,4,13,1,3,0,0
359,13.8030,3,2,16666,2,82.648,99.592,5,13,1,3,0,0
360,13.8363,3,2,16666,2,82.950,99.873,6,13,1,3,0,0
361,13.8695,2,2,16666,2,82.568,99.526,4,13,1,3,0,0
362,13.9028,2,2,16666,2,82.310,99.389,4,13,1,3,0,0
363,13.9362,3,2,16666,2,82.403,99.364,5,13,1,3,0,0
364,13.9696,3,2,16666,2,82.401,99.390,7,13,1,3,0,0
365,14.0028,2,2,16666,2,82.741,99.631,4,13,1,3,0,0
366,14.0361,2,2,16666,2,82.505,99.478,4,13,1,3,0,0
367,14.0695,3,2,16666,2,82.354,99.389,4,13,1,2,0,0
368,14.1029,3,2,16666,2,82.643,99.607,7,13,1,3,0,0
369,14.1361,2,2,16666,2,82.663,99.637,4,13,1,3,0,0
370,14.1694,2,2,16666,2,82.350,99.375,3,13,1,2,0,0
371,14.2029,3,2,16666,2,82.450,99.386,5,13,1,3,0,0
372,14.2362,3,2,16666,2,82.631,99.602,7,13,1,3,0,0
373,14.2695,2,2,16666,2,82.598,99.545,4,13,1,3,0,0
374,14.3028,2,2,16666,2,82.485,99.431,4,13,1,3,0,0
375,14.3361,3,2,16666,2,82.385,99.402,4,13,1,2,0,0
376,14.3696,3,2,16666,2,82.702,99.683,7,13,1,3,0,0
377,14.4029,2,2,16666,2,82.664,99.609,4,13,1,3,0,0
378,14.4362,2,2,16666,2,82.531,99.565,4,13,1,3,0,0
379,14.4696,3,2,16666,2,82.418,99.410,5,13,1,3,0,0
380,14.5030,3,2,16666,2,82.612,99.674,7,13,1,3,0,0
381,14.5363,2,2,16666,2,82.656,99.582,4,13,1,3,0,0
382,14.5695,2,2,16666,2,82.390,99.445,4,13,1,3,0,0
383,14.6030,3,2,16666,2,82.518,99.442,5,13,1,3,0,0
384,14.6363,3,2,16666,2,82.467,99.472,7,13,1,3,0,0
385,14.6695,2,2,16666,2,82.489,99.502,4,13,1,3,0,0
386,14.7028,2,2,16666,2,82.311,99.401,4,13,1,3,0,0
387,14.7362,3,2,16666,2,82.348,99.385,5,13,1,3,0,0
388,14.7695,3,2,16666,2,82.635,99.549,6,13,1,2,0,0
389,14.8028,2,2,16666,2,82.504,99.497,3,13,1,2,0,0
390,14.8361,2,2,16666,2,82.533,99.540,3,13,1,2,0,0
391,14.8694,3,2,16666,2,82.409,99.407,4,13,1,2,0,0
392,14.9028,3,2,16666,2,82.505,99.488,7,13,1,3,0,0
393,14.9362,2,2,16666,2,82.721,99.654,4,13,1,3,0,0
394,14.9694,2,2,16666,2,82.627,99.552,4,13,1,3,0,0
395,15.0028,3,2,16666,2,82.525,99.528,5,13,1,3,0,0
396,15.0361,3,2,16666,2,82.563,99.542,7,13,1,3,0,0
397,15.0693,2,2,16666,2,82.530,99.436,4,13,1,3,0,0
398,15.1027,2,2,16666,2,82.610,99.592,2,13,1,1,0,0
399,15.1360,3,2,16666,2,82.526,99.481,5,13,1,3,0,0
400,15.1695,3,2,16666,2,82.547,99.463,6,13,0,3,0,0
401,15.2027,2,2,16666,2,82.560,99.486,1,13,0,1,0,0
402,15.2360,2,2,16666,2,82.562,99.431,4,13,1,3,0,0
403,15.2694,3,2,16666,2,82.554,99.457,4,13,1,2,0,0
404,15.3027,3,2,16666,2,82.534,99.453,5,13,0,2,0,0
405,15.3360,2,2,16666,2,82.532,99.458,3,13,0,3,0,0
406,15.3693,2,2,16666,2,82.483,99.384,2,13,0,2,0,0
407,15.4027,3,2,16666,2,82.637,99.549,4,14,1,3,0,0
408,15.4362,3,2,16666,2,82.811,99.716,8,16,3,3,0,0
409,15.4697,2,2,16666,2,83.125,99.938,6,16,3,3,0,0
410,15.5028,2,2,16666,2,82.667,99.593,6,16,3,3,0,0
411,15.5361,2,2,16666,2,82.511,99.442,6,16,3,3,0,0
412,15.5695,4,2,16666,2,91.741,99.885,11,16,2,3,0,0
413,15.6028,2,2,16666,2,82.732,99.595,3,16,2,1,0,0
414,15.6360,2,2,16666,2,82.585,99.489,5,16,2,3,0,0
415,15.6694,2,2,16666,2,82.638,99.505,6,16,3,3,0,0
416,15.7028,4,2,16666,2,92.553,99.520,10,16,1,3,0,0
417,15.7359,2,2,16666,2,82.276,99.156,4,16,2,2,0,0
418,15.7694,2,2,16666,2,82.669,99.549,5,16,2,3,0,0
419,15.8027,2,2,16666,2,82.456,99.356,5,16,2,3,0,0
420,15.8362,2,2,16666,2,82.897,99.773,6,16,0,3,0,0
421,15.8695,3,2,16666,2,82.020,100.148,7,16,3,2,0,0
422,15.9027,3,2,16666,2,82.344,100.051,7,16,1,3,0,0
423,15.9361,2,2,16666,2,82.522,99.471,6,16,3,3,0,0
424,15.9694,2,2,16666,2,82.514,99.435,6,16,0,3,0,0
425,16.0028,3,2,16666,2,83.678,125.802,8,16,2,3,0,0
426,16.0361,3,2,16666,2,82.530,99.449,6,16,2,2,0,0
427,16.0695,2,2,16666,2,82.551,99.620,5,16,2,3,0,0
428,16.1028,2,2,16666,2,82.392,99.365,4,16,0,2,0,0
429,16.1361,3,2,16666,2,82.518,99.510,6,16,2,2,0,0
430,16.1695,3,2,16666,2,82.562,99.564,7,16,2,3,0,0
431,16.2028,2,2,16666,2,82.422,99.373,5,16,2,3,0,0
432,16.2361,2,2,16666,2,82.531,99.458,5,16,0,2,0,0
433,16.2695,3,2,16666,2,82.623,99.518,7,16,2,3,0,0
434,16.3029,3,2,16666,2,82.782,99.671,7,16,2,3,0,0
435,16.3361,2,2,16666,2,82.710,99.631,5,16,2,3,0,0
436,16.3694,2,2,16666,2,82.297,99.226,5,16,0,2,0,0
437,16.4028,3,2,16666,2,82.611,99.519,7,16,2,3,0,0
438,16.4362,3,2,16666,2,82.800,99.696,6,16,2,2,0,0
439,16.4694,2,2,16666,2,82.655,99.575,4,16,2,2,0,0
440,16.5029,2,2,16666,2,82.672,99.623,6,16,0,3,0,0
441,16.5361,3,2,16666,2,82.482,99.437,7,16,2,3,0,0
442,16.5695,3,2,16666,2,82.481,99.471,7,16,2,3,0,0
443,16.6028,2,2,16666,2,82.337,99.271,5,16,2,3,0,0
444,16.6360,2,2,16666,2,82.484,99.422,6,16,0,3,0,0
445,16.6695,3,2,16666,2,82.565,99.495,8,16,3,3,0,0
446,16.7028,3,2,16666,2,82.731,99.614,8,16,2,3,0,0
447,16.7360,2,2,16666,2,82.552,99.473,4,16,1,3,0,0
448,16.7696,2,2,16666,2,82.817,99.691,6,16,0,3,0,0
449,16.8029,3,2,16666,2,82.810,99.692,7,16,2,3,0,0
450,16.8361,3,2,16666,2,82.670,99.627,9,16,3,3,0,0
451,16.8695,2,2,16666,2,82.049,99.485,6,16,3,3,0,0
452,16.9029,2,2,16666,2,82.547,99.468,6,16,0,3,0,0
453,16.9362,3,2,16666,2,82.681,99.579,9,16,3,3,0,0
454,16.9696,3,2,16666,2,82.462,99.470,9,16,3,3,0,0
455,17.0029,2,2,16666,2,82.646,99.631,6,16,3,3,0,0
456,17.0361,2,2,16666,2,82.465,99.414,6,16,0,3,0,0
457,17.0696,3,2,16666,2,82.488,99.444,9,16,3,3,0,0
458,17.1030,3,2,16666,2,82.614,99.619,9,16,3,3,0,0
459,17.1362,2,2,16666,2,82.672,99.655,6,16,3,3,0,0
460,17.1695,2,2,16666,2,82.451,99.416,6,16,0,3,0,0
461,17.2029,3,2,16666,2,83.003,99.968,7,16,1,3,0,0
462,17.2362,3,2,16666,2,82.576,99.492,6,16,1,3,0,0
463,17.2695,2,2,16666,2,82.552,99.537,5,16,2,3,0,0
464,17.3029,2,2,16666,2,82.484,99.474,6,16,0,3,0,0
465,17.3362,3,2,16666,2,82.591,99.575,8,16,3,3,0,0
466,17.3696,3,2,16666,2,82.760,99.675,8,16,2,3,0,0
467,17.4029,2,2,16666,2,82.500,99.518,5,16,2,3,0,0
468,17.4362,2,2,16666,2,82.509,99.460,6,16,0,3,0,0
469,17.4696,3,2,16666,2,82.312,99.462,8,16,2,3,0,0
470,17.5030,3,2,16666,2,82.570,99.677,7,16,2,3,0,0
471,17.5362,2,2,16666,2,82.249,99.228,5,16,2,3,0,0
472,17.5695,2,2,16666,2,82.367,99.388,6,16,0,3,0,0
473,17.6029,3,2,16666,2,82.440,99.421,7,16,2,3,0,0
474,17.6364,3,2,16666,2,82.771,99.767,8,16,3,2,0,0
475,17.6695,2,2,16666,2,82.523,99.523,5,16,3,2,0,0
476,17.7029,2,2,16666,2,82.504,99.470,6,16,0,3,0,0
477,17.7363,3,2,16666,2,83.114,100.024,9,16,3,3,0,0
478,17.7697,3,2,16666,2,82.672,99.681,9,16,3,3,0,0
479,17.8029,2,2,16666,2,82.523,99.558,6,16,3,3,0,0
480,17.8362,2,2,16666,2,82.404,99.391,4,16,0,3,0,0
481,17.8697,3,2,16666,2,82.465,99.381,9,16,3,3,0,0
482,17.9030,3,2,16666,2,82.632,99.623,9,16,3,3,0,0
483,17.9361,2,2,16666,2,82.487,99.418,5,16,2,3,0,0
484,17.9693,2,2,16666,2,82.102,99.103,6,16,0,3,0,0
485,18.0028,3,2,16666,2,82.331,99.249,6,16,1,3,0,0
486,18.0360,3,2,16666,2,82.639,99.551,5,16,1,3,0,0
487,18.0694,2,2,16666,2,82.861,99.718,4,16,1,3,0,0
488,18.1028,2,2,16666,2,82.548,99.441,6,16,0,3,0,0
489,18.1360,3,2,16666,2,82.533,99.444,2,16,0,2,0,0
490,18.1694,3,2,16666,2,82.722,99.593,5,16,1,3,0,0
491,18.2028,2,2,16666,2,82.588,99.531,3,16,0,3,0,0
492,18.2361,2,2,16666,2,82.620,99.524,5,16,0,3,0,0
493,18.2693,3,2,16666,2,82.496,99.438,3,16,0,3,0,0
494,18.3027,3,2,16666,2,82.523,99.416,3,16,0,3,0,0
495,18.3360,2,2,16666,2,82.245,99.170,3,16,0,3,0,0
496,18.3694,2,2,16666,2,82.641,99.501,5,16,0,2,0,0
497,18.4027,3,2,16666,2,82.316,99.307,3,16,0,3,0,0
498,18.4361,3,2,16666,2,82.543,99.500,2,16,0,2,0,0
499,18.4695,2,2,16666,2,82.623,99.584,3,16,0,3,0,0
500,18.5030,2,2,16666,2,82.890,99.864,6,16,0,3,0,0
501,18.5361,3,2,16666,2,82.566,99.515,3,16,0,3,0,0
502,18.5694,3,2,16666,2,82.386,99.394,3,16,0,3,0,0
503,18.6028,2,2,16666,2,82.331,99.303,3,16,0,3,0,0
504,18.6361,2,2,16666,2,82.395,99.376,6,16,0,3,0,0
505,18.6693,3,2,16666,2,82.340,99.335,3,16,0,3,0,0
506,18.7027,3,2,16666,2,82.442,99.408,3,16,0,3,0,0
507,18.7360,2,2,16666,2,82.570,99.532,3,16,0,3,0,0
508,18.7694,2,2,16666,2,82.549,99.478,6,16,0,3,0,0
509,18.8027,3,2,16666,2,82.594,99.528,3,16,0,3,0,0
510,18.8360,3,2,16666,2,82.553,99.496,3,16,0,3,0,0
511,18.8694,2,2,16666,2,82.545,99.510,3,16,0,3,0,0
512,18.9028,2,2,16666,2,82.819,99.731,6,16,0,3,0,0
513,18.9361,3,2,16666,2,82.493,99.501,3,16,0,3,0,0
514,18.9694,3,2,16666,2,82.279,99.441,3,16,0,3,0,0
515,19.0027,2,2,16666,2,82.475,99.462,3,16,0,3,0,0
516,19.0361,2,2,16666,2,82.705,99.624,6,16,0,3,0,0
517,19.0693,3,2,16666,2,82.449,99.460,3,16,0,3,0,0
518,19.1027,3,2,16666,2,82.512,99.449,3,16,0,3,0,0
519,19.1360,2,2,16666,2,82.475,99.441,3,16,0,3,0,0
520,19.1693,2,2,16666,2,82.515,99.445,6,16,0,3,0,0
521,19.2028,3,2,16666,2,82.608,99.531,3,16,0,3,0,0
522,19.2360,3,2,16666,2,82.561,99.418,3,16,0,3,0,0
523,19.2693,2,2,16666,2,82.547,99.428,2,16,0,2,0,0
524,19.3029,2,2,16666,2,82.719,99.622,6,16,0,3,0,0
525,19.3360,3,2,16666,2,82.599,99.519,4,17,1,3,0,0
526,19.3696,3,2,16666,2,82.736,99.782,5,17,1,3,0,0
527,19.4029,2,2,16666,2,82.660,99.631,4,17,1,3,0,0
528,19.4363,2,2,16666,2,82.994,99.880,6,17,0,3,0,0
529,19.4695,3,2,16666,2,82.479,99.437,5,17,1,3,0,0
530,19.5030,3,2,16666,2,82.633,99.617,5,17,1,3,0,0
531,19.5362,2,2,16666,2,82.393,99.455,4,17,1,3,0,0
532,19.5696,2,2,16666,2,82.646,99.604,6,17,0,3,0,0
533,19.6029,3,2,16666,2,82.444,99.399,5,17,1,3,0,0
534,19.6361,3,2,16666,2,82.414,99.404,5,17,1,3,0,0
535,19.6694,2,2,16666,2,82.321,99.402,4,17,1,3,0,0
536,19.7029,2,2,16666,2,82.547,99.525,6,17,0,3,0,0
537,19.7361,3,2,16666,2,82.528,99.489,4,17,0,3,0,0
538,19.7696,3,2,16666,2,82.692,99.685,3,17,0,3,0,0
539,19.8028,2,2,16666,2,82.490,99.462,4,17,1,3,0,0
540,19.8361,2,2,16666,2,82.537,99.564,5,17,0,3,0,0
541,19.8696,3,2,16666,2,82.493,99.476,5,17,1,3,0,0
542,19.9030,3,2,16666,2,82.967,99.934,5,17,1,3,0,0
543,19.9362,2,2,16666,2,82.767,99.731,4,17,1,3,0,0
544,19.9696,2,2,16666,2,82.399,99.598,6,17,0,3,0,0
545,20.0030,3,2,16666,2,82.575,99.536,5,17,1,3,0,0
546,20.0362,3,2,16666,2,82.578,99.573,5,17,1,3,0,0
547,20.0695,2,2,16666,2,82.436,99.402,3,17,1,2,0,0
548,20.1033,2,2,16666,2,82.698,99.686,4,17,0,2,0,0
549,20.1361,3,2,16666,2,82.411,99.371,4,17,1,2,0,0
550,20.1695,3,2,16666,2,82.590,99.580,4,17,1,2,0,0
551,20.2029,2,2,16666,2,82.703,99.662,3,17,1,2,0,0
552,20.2362,2,2,16666,2,82.548,99.501,5,17,0,2,0,0
553,20.2695,3,2,16666,2,81.933,98.898,5,17,1,3,0,0
554,20.3028,3,2,16666,2,81.994,98.956,3,17,0,3,0,0
555,20.3361,2,2,16666,2,82.595,99.561,3,17,0,3,0,0
556,20.3695,2,2,16666,2,82.529,99.497,4,17,0,2,0,0
557,20.4029,3,2,16666,2,82.631,99.587,5,17,1,3,0,0
558,20.4368,3,2,16666,2,82.701,99.648,5,17,1,3,0,0
559,20.4695,2,2,16666,2,82.187,99.159,4,17,1,3,0,0
560,20.5030,2,2,16666,2,82.729,99.711,6,17,0,3,0,0
561,20.5361,3,2,16666,2,82.535,99.426,2,17,0,2,0,0
562,20.5695,3,2,16666,2,82.674,99.628,3,17,0,3,0,0
563,20.6029,2,2,16666,2,82.480,99.423,3,17,0,3,0,0
564,20.6363,2,2,16666,2,82.677,99.660,6,17,0,3,0,0
565,20.6695,3,2,16666,2,82.457,99.417,3,17,0,3,0,0
566,20.7029,3,2,16666,2,82.438,99.488,3,17,0,3,0,0
567,20.7361,2,2,16666,2,82.403,99.392,2,17,0,2,0,0
568,20.7695,2,2,16666,2,82.616,99.590,6,17,0,3,0,0
569,20.8029,3,2,16666,2,82.621,99.539,3,17,0,3,0,0
570,20.8361,3,2,16666,2,82.456,99.447,2,17,0,2,0,0
571,20.8695,2,2,16666,2,82.590,99.505,3,17,0,3,0,0
572,20.9030,2,2,16666,2,82.596,99.566,6,17,0,3,0,0
573,20.9362,3,2,16666,2,82.566,99.553,3,17,0,3,0,0
574,20.9695,3,2,16666,2,82.573,99.595,4,17,1,3,0,0
575,21.0028,2,2,16666,2,82.405,99.391,3,17,0,3,0,0
576,21.0362,2,2,16666,2,82.457,99.426,6,17,0,3,0,0
577,21.0695,3,2,16666,2,82.564,99.530,4,17,1,3,0,0
578,21.1029,3,2,16666,2,82.693,99.650,5,17,1,3,0,0
579,21.1361,2,2,16666,2,82.458,99.461,4,17,1,3,0,0
580,21.1695,2,2,16666,2,82.657,99.609,6,17,0,3,0,0
581,21.2029,3,2,16666,2,82.777,99.647,5,17,1,3,0,0
582,21.2361,3,2,16666,2,82.675,99.594,5,17,1,3,0,0
583,21.2694,2,2,16666,2,82.397,99.380,4,17,1,3,0,0
584,21.3029,2,2,16666,2,82.552,99.485,6,17,0,3,0,0
585,21.3361,3,2,16666,2,82.584,99.543,5,17,1,3,0,0
586,21.3694,3,2,16666,2,82.515,99.462,5,17,1,3,0,0
587,21.4027,2,2,16666,2,82.370,99.350,4,17,1,3,0,0
588,21.4360,2,2,16666,2,82.494,99.430,6,17,0,3,0,0
589,21.4693,3,2,16666,2,82.638,99.547,5,17,1,3,0,0
590,21.5030,3,2,16666,2,82.942,99.958,5,17,1,3,0,0
591,21.5360,2,2,16666,2,82.656,99.607,4,17,1,3,0,0
592,21.5695,2,2,16666,2,82.903,99.853,6,17,0,3,0,0
593,21.6029,3,2,16666,2,82.400,99.349,5,17,1,3,0,0
594,21.6361,3,2,16666,2,82.651,99.575,5,17,1,3,0,0
595,21.6694,2,2,16666,2,82.377,99.382,4,17,1,3,0,0
596,21.7029,2,2,16666,2,82.543,99.529,6,17,0,3,0,0
597,21.7361,3,2,16666,2,82.560,99.574,5,17,1,3,0,0
598,21.7694,3,2,16666,2,82.525,99.506,5,17,1,3,0,0
599,21.8028,2,2,16666,2,82.567,99.502,4,17,1,3,0,0
600,21.8361,2,2,16666,2,82.601,99.534,6,17,0,3,0,0
601,21.8694,3,2,16666,2,82.556,99.482,5,17,1,3,0,0
602,21.9028,3,2,16666,2,82.623,99.641,5,17,1,3,0,0
603,21.9361,2,2,16666,2,82.572,99.564,4,17,1,3,0,0
604,21.9694,2,2,16666,2,82.531,99.457,4,17,0,2,0,0
605,22.0028,3,2,16666,2,82.568,99.517,4,17,1,2,0,0
606,22.0361,3,2,16666,2,82.684,99.620,3,17,1,2,0,0
607,22.0693,2,2,16666,2,82.618,99.586,2,17,0,2,0,0
608,22.1029,2,2,16666,2,82.619,99.608,6,17,0,3,0,0
609,22.1360,3,2,16666,2,82.547,99.477,3,17,0,3,0,0
610,22.1694,3,2,16666,2,82.411,99.524,2,17,0,2,0,0
611,22.2028,2,2,16666,2,82.614,99.503,2,17,0,2,0,0
612,22.2361,2,2,16666,2,82.759,99.644,6,17,0,3,0,0
613,22.2693,3,2,16666,2,82.564,99.476,2,17,0,2,0,0
614,22.3027,3,2,16666,2,82.545,99.466,1,17,0,1,0,0
615,22.3360,2,2,16666,2,82.540,99.451,1,17,0,1,0,0
616,22.3694,2,2,16666,2,82.706,99.589,4,17,0,2,0,0
617,22.4027,3,2,16666,2,82.573,99.490,2,17,0,2,0,0
618,22.4362,3,2,16666,2,82.742,99.665,4,17,1,3,0,0
619,22.4694,2,2,16666,2,82.569,99.539,3,17,0,3,0,0
620,22.5029,2,2,16666,2,82.632,99.587,4,17,0,2,0,0
621,22.5361,3,2,16666,2,82.529,99.494,3,17,0,2,0,0
622,22.5697,3,2,16666,2,82.898,99.884,4,17,1,3,0,0
623,22.6028,2,2,16666,2,82.434,99.389,4,17,1,3,0,0
624,22.6360,2,2,16666,2,82.664,99.591,6,17,0,3,0,0
625,22.6694,3,2,16666,2,82.358,99.283,5,17,1,3,0,0
626,22.7029,3,2,16666,2,82.746,99.643,3,17,0,3,0,0
627,22.7362,2,2,16666,2,82.806,99.708,3,17,0,3,0,0
628,22.7696,2,2,16666,2,82.795,99.705,5,17,0,3,0,0
629,22.8029,4,2,16666,2,92.436,99.578,5,17,0,3,0,0
630,22.8361,2,2,16666,2,83.448,122.292,0,17,0,0,0,0
631,22.8695,2,2,16666,2,82.449,99.415,2,17,0,2,0,0
632,22.9030,2,2,16666,2,82.651,99.569,6,17,0,3,0,0
633,22.9361,4,2,16666,2,91.906,99.358,6,17,0,3,0,0
634,22.9693,2,2,16666,2,82.404,99.297,1,17,1,0,0,0
635,23.0031,2,2,16666,2,82.682,99.594,4,17,1,3,0,0
636,23.0363,2,2,16666,2,82.786,99.679,6,17,0,3,0,0
637,23.0698,4,2,16666,2,92.805,99.879,8,17,1,3,0,0
638,23.1028,2,2,16666,2,82.462,99.482,2,17,1,0,0,0
639,23.1362,2,2,16666,2,82.384,99.445,4,17,1,3,0,0
640,23.1695,2,2,16666,2,82.860,99.818,6,17,0,3,0,0
641,23.2030,4,2,16666,2,92.768,99.728,8,17,1,3,0,0
642,23.2360,2,2,16666,2,82.410,99.379,2,17,1,0,0,0
643,23.2695,2,2,16666,2,82.502,99.476,4,17,1,3,0,0
644,23.3028,2,2,16666,2,82.257,99.193,6,17,0,3,0,0
645,23.3363,4,2,16666,2,92.343,99.631,7,17,1,3,0,0
646,23.3693,2,2,16666,2,82.434,99.335,2,17,1,0,0,0
647,23.4029,2,2,16666,2,82.849,99.776,4,17,1,3,0,0
648,23.4361,2,2,16666,2,82.332,99.320,6,17,0,3,0,0
649,23.4696,4,2,16666,2,92.631,99.992,7,17,1,3,0,0
650,23.5029,2,2,16666,2,82.483,99.491,2,17,1,0,0,0
651,23.5361,2,2,16666,2,82.488,99.488,4,17,1,3,0,0
652,23.5693,2,2,16666,2,82.254,99.175,6,17,0,3,0,0
653,23.6027,4,2,16666,2,92.297,99.250,8,17,1,3,0,0
654,23.6361,2,2,16666,2,82.734,99.646,2,17,1,0,0,0
655,23.6693,2,2,16666,2,82.542,99.475,3,17,1,2,0,0
656,23.7029,2,2,16666,2,82.879,99.797,6,17,0,3,0,0
657,23.7362,4,2,16666,2,92.531,99.548,8,17,1,3,0,0
658,23.7694,2,2,16666,2,82.810,99.707,2,17,1,0,0,0
659,23.8028,2,2,16666,2,82.601,99.515,4,17,1,3,0,0
660,23.8359,2,2,16666,2,82.180,99.124,6,17,0,3,0,0
661,23.8693,4,2,16666,2,92.127,99.390,8,17,1,3,0,0
662,23.9026,2,2,16666,2,82.273,99.234,2,17,1,0,0,0
663,23.9359,2,2,16666,2,82.794,99.692,4,17,1,3,0,0
664,23.9695,2,2,16666,2,82.713,99.661,6,17,0,3,0,0
665,24.0029,4,2,16666,2,92.272,99.745,7,17,0,3,0,0
666,24.0361,2,2,16666,2,82.617,99.559,2,17,1,0,0,0
667,24.0695,2,2,16666,2,82.492,99.445,4,17,1,3,0,0
668,24.1030,2,2,16666,2,82.661,99.586,6,17,0,3,0,0
669,24.1362,4,2,16666,2,92.198,99.595,7,17,1,3,0,0
670,24.1695,2,2,16666,2,82.631,99.595,2,17,1,0,0,0
671,24.2026,2,2,16666,2,82.166,99.176,4,17,1,3,0,0
672,24.2362,2,2,16666,2,82.470,99.480,6,17,0,3,0,0
673,24.2696,4,2,16666,2,92.416,99.738,8,17,1,3,0,0
674,24.3028,2,2,16666,2,82.871,99.749,2,17,1,0,0,0
675,24.3362,2,2,16666,2,82.596,99.517,4,17,1,3,0,0
676,24.3696,2,2,16666,2,82.378,99.370,6,17,0,3,0,0
677,24.4030,4,2,16666,2,92.425,99.843,8,17,1,3,0,0
678,24.4361,2,2,16666,2,82.542,99.525,1,17,0,0,0,0
679,24.4695,2,2,16666,2,82.403,99.460,3,17,0,3,0,0
680,24.5030,2,2,16666,2,82.317,99.396,5,17,0,3,0,0
681,24.5363,4,2,16666,2,92.466,99.555,7,17,1,3,0,0
682,24.5694,2,2,16666,2,82.485,99.498,0,17,0,0,0,0
683,24.6026,2,2,16666,2,82.188,99.164,4,17,1,3,0,0
684,24.6363,2,2,16666,2,82.541,99.495,6,17,0,3,0,0
685,24.6696,4,2,16666,2,92.564,99.595,8,17,1,3,0,0
686,24.7029,2,2,16666,2,83.050,100.066,1,17,0,0,0,0
687,24.7363,2,2,16666,2,82.519,99.550,3,17,0,3,0,0
688,24.7696,2,2,16666,2,82.434,99.419,6,17,0,3,0,0
689,24.8030,4,2,16666,2,92.190,99.479,7,17,1,3,0,0
690,24.8360,2,2,16666,2,82.198,99.168,0,17,0,0,0,0
691,24.8692,2,2,16666,2,82.202,99.173,3,17,0,3,0,0
692,24.9030,2,2,16666,2,82.431,99.440,6,17,0,3,0,0
693,24.9363,4,2,16666,2,92.447,99.823,7,17,0,3,0,0
694,24.9694,2,2,16666,2,82.772,99.716,1,17,0,0,0,0
695,25.0036,2,2,16666,2,83.191,100.176,3,17,0,3,0,0
696,25.0360,2,2,16666,2,82.286,99.199,6,17,0,3,0,0
697,25.0697,4,2,16666,2,92.764,99.814,7,17,0,3,0,0
698,25.1028,2,2,16666,2,81.689,98.755,1,17,1,0,0,0
699,25.1361,2,2,16666,2,82.647,99.668,3,17,0,3,0,0
700,25.1696,2,2,16666,2,82.420,99.409,6,17,0,3,0,0
701,25.2030,4,2,16666,2,92.732,99.776,5,17,0,3,0,0
702,25.2361,2,2,16666,2,82.625,99.568,1,17,1,0,0,0
703,25.2692,2,2,16666,2,82.280,99.229,2,17,0,2,0,0
704,25.3028,2,2,16666,2,82.529,99.418,4,17,0,2,0,0
705,25.3361,4,2,16666,2,92.433,99.635,5,17,1,2,0,0
706,25.3692,3,2,16666,2,83.246,121.955,3,17,0,3,0,0
