batch_idx,batch_pts_ns,mono_ns,real_ns,n_frames
0,33333333,3966026225520,1783475708849605520,1
1,600789574,3966234838100,1783475709058218068,2
2,634122907,3966445607917,1783475709268987885,2
3,667456240,3966654383875,1783475709477763875,2
4,1168469824,3966862980883,1783475709686360883,3
5,1201803157,3967071891630,1783475709895271662,3
6,1735630936,3967278234567,1783475710101614567,4
7,1768964269,3967318675086,1783475710142055086,4
8,1802297602,3967350499381,1783475710173879349,4
9,1835630935,3967382434304,1783475710205814304,4
10,1868964268,3967414482606,1783475710237862574,4
11,1902297601,3967446568862,1783475710269948862,4
12,1935630934,3967478528265,1783475710301908265,4
13,1968964267,3967510504597,1783475710333884565,4
14,2002297600,3967542586437,1783475710365966373,4
15,2035630933,3967574616179,1783475710397996179,4
16,2068964266,3967606928618,1783475710430308586,4
17,2102297599,3967638659694,1783475710462039694,4
18,2135630932,3967670646810,1783475710494026810,4
19,2168964265,3967702840973,1783475710526220941,4
20,2202297598,3967734993599,1783475710558373631,4
21,2235630931,3967766797030,1783475710590177030,4
22,2268964264,3967798874101,1783475710622254069,4
23,2302297597,3967830938020,1783475710654318020,4
24,2335630930,3967862889519,1783475710686269551,4
25,2368964263,3967894942910,1783475710718322878,4
26,2402297596,3967926876968,1783475710750256936,4
27,2435630929,3967959018554,1783475710782398554,4
28,2468964262,3967991067496,1783475710814447432,4
29,2502297595,3968023110871,1783475710846490903,4
30,2535630928,3968055348268,1783475710878728300,4
31,2568964261,3968087135761,1783475710910515793,4
32,2602297594,3968119224929,1783475710942604929,4
33,2635630927,3968151178060,1783475710974558060,4
34,2668964260,3968183360895,1783475711006740895,4
35,2702297593,3968215342792,1783475711038722824,4
36,2735630926,3968247301359,1783475711070681391,4
37,2768964259,3968279289368,1783475711102669400,4
38,2802297592,3968311352739,1783475711134732739,4
39,2835630925,3968343359981,1783475711166739981,4
40,2868964258,3968375417751,1783475711198797751,4
41,2902297591,3968407492771,1783475711230872803,4
42,2935630924,3968439458603,1783475711262838635,4
43,2968964257,3968471468500,1783475711294848500,4
44,3002297590,3968503462557,1783475711326842557,4
45,3035630923,3968535745456,1783475711359125456,4
46,3068964256,3968567652662,1783475711391032694,4
47,3102297589,3968599531355,1783475711422911387,4
48,3135630922,3968631634951,1783475711455014983,4
49,3168964255,3968663656689,1783475711487036721,4
50,3202297588,3968695711356,1783475711519091388,4
51,3235630921,3968727737446,1783475711551117414,4
52,3268964254,3968759706126,1783475711583086094,4
53,3302297587,3968791688310,1783475711615068374,4
54,3335630920,3968823792771,1783475711647172803,4
55,3368964253,3968855820044,1783475711679199980,4
56,3402297586,3968887952346,1783475711711332346,4
57,3435630919,3968919903681,1783475711743283745,4
58,3468964252,3968951937611,1783475711775317579,4
59,3502297585,3968983967830,1783475711807347830,4
60,3535630918,3969015952894,1783475711839332894,4
61,3568964251,3969047946791,1783475711871326759,4
62,3602297584,3969079901966,1783475711903281998,4
63,3635630917,3969112122527,1783475711935502527,4
64,3668964250,3969144129512,1783475711967509448,4
65,3702297583,3969176103312,1783475711999483248,4
66,3735630916,3969208184409,1783475712031564441,4
67,3768964249,3969240179614,1783475712063559646,4
68,3802297582,3969272130146,1783475712095510082,4
69,3835630915,3969304098406,1783475712127478406,4
70,3868964248,3969336264977,1783475712159644977,4
71,3902297581,3969368281271,1783475712191661239,4
72,3935630914,3969400247899,1783475712223627931,4
73,3968964247,3969432323619,1783475712255703555,4
74,4002297580,3969464561616,1783475712287941584,4
75,4035630913,3969496333101,1783475712319713101,4
76,4068964246,3969528416885,1783475712351796789,4
77,4102297579,3969560845801,1783475712384225801,4
78,4135630912,3969592567749,1783475712415947781,4
79,4168964245,3969624577963,1783475712447957899,4
80,4202297578,3969656455148,1783475712479835148,4
81,4235630911,3969688629367,1783475712512009303,4
82,4268964244,3969720584987,1783475712543965019,4
83,4302297577,3969752705188,1783475712576085220,4
84,4335630910,3969784535683,1783475712607915683,4
85,4368964243,3969816627308,1783475712640007276,4
86,4402297576,3969848769558,1783475712672149590,4
87,4435630909,3969880738362,1783475712704118362,4
88,4468964242,3969912803201,1783475712736183169,4
89,4502297575,3969944705827,1783475712768085827,4
90,4535630908,3969976798796,1783475712800178796,4
91,4568964241,3970008792817,1783475712832172785,4
92,4602297574,3970040851352,1783475712864231352,4
93,4635630907,3970073079813,1783475712896459781,4
94,4668964240,3970105133164,1783475712928513196,4
95,4702297573,3970136933387,1783475712960313323,4
96,4735630906,3970168945168,1783475712992325104,4
97,4768964239,3970200964884,1783475713024344916,4
98,4802297572,3970232987990,1783475713056367990,4
99,4835630905,3970265031417,1783475713088411385,4
100,4868964238,3970297012122,1783475713120392154,4
101,4902297571,3970329168449,1783475713152548481,4
102,4935630904,3970361164994,1783475713184544930,4
103,4968964237,3970393101794,1783475713216481794,4
104,5002297570,3970425216231,1783475713248596231,4
105,5035630903,3970457311948,1783475713280691884,4
106,5068964236,3970489330574,1783475713312710574,4
107,5102297569,3970521375889,1783475713344755825,4
108,5135630902,3970553327057,1783475713376707089,4
109,5168964235,3970585364211,1783475713408744243,4
110,5202297568,3970617703744,1783475713441083744,4
111,5235630901,3970649430968,1783475713472810968,4
112,5268964234,3970681540126,1783475713504920094,4
113,5302297567,3970713441884,1783475713536821916,4
114,5335630900,3970745512416,1783475713568892448,4
115,5368964233,3970777532098,1783475713600912034,4
116,5402297566,3970809649287,1783475713633029319,4
117,5435630899,3970841648649,1783475713665028617,4
118,5468964232,3970873652650,1783475713697032554,4
119,5502297565,3970905571881,1783475713728951913,4
120,5535630898,3970937697935,1783475713761077935,4
121,5568964231,3970969626382,1783475713793006414,4
122,5602297564,3971001664369,1783475713825044337,4
123,5635630897,3971033883449,1783475713857263449,4
124,5668964230,3971065985342,1783475713889365310,4
125,5702297563,3971097714423,1783475713921094391,4
126,5735630896,3971129918847,1783475713953298847,4
127,5768964229,3971161731546,1783475713985111482,4
128,5802297562,3971193807453,1783475714017187453,4
129,5835630895,3971225969056,1783475714049349088,4
130,5868964228,3971257876795,1783475714081256763,4
131,5902297561,3971290001085,1783475714113381085,4
132,5935630894,3971322069597,1783475714145449597,4
133,5968964227,3971354172094,1783475714177552062,4
134,6002297560,3971386078649,1783475714209458681,4
135,6035630893,3971418128216,1783475714241508216,4
136,6068964226,3971452394624,1783475714275774592,4
137,6102297559,3971480960685,1783475714304340621,4
138,6135630892,3971514387418,1783475714337767418,4
139,6168964225,3971546280020,1783475714369659988,4
140,6202297558,3971578265745,1783475714401645681,4
141,6235630891,3971610436821,1783475714433816821,4
142,6268964224,3971642501973,1783475714465881909,4
143,6302297557,3971674316140,1783475714497696108,4
144,6335630890,3971706563250,1783475714529943250,4
145,6368964223,3971738424491,1783475714561804459,4
146,6402297556,3971770514860,1783475714593894860,4
147,6435630889,3971802829108,1783475714626209108,4
148,6468964222,3971834727182,1783475714658107150,4
149,6502297555,3971866584327,1783475714689964327,4
150,6535630888,3971898620550,1783475714722000582,4
151,6568964221,3971930621924,1783475714754001860,4
152,6602297554,3971962706725,1783475714786086725,4
153,6635630887,3971994752708,1783475714818132676,4
154,6668964220,3972026818916,1783475714850198884,4
155,6702297553,3972058896292,1783475714882276292,4
156,6735630886,3972090759325,1783475714914139261,4
157,6768964219,3972122694361,1783475714946074297,4
158,6802297552,3972154870269,1783475714978250237,4
159,6835630885,3972186686260,1783475715010066196,4
160,6868964218,3972218831155,1783475715042211187,4
161,6902297551,3972250942352,1783475715074322288,4
162,6935630884,3972282799718,1783475715106179686,4
163,6968964217,3972314883490,1783475715138263490,4
164,7002297550,3972347040962,1783475715170420930,4
165,7035630883,3972379146399,1783475715202526431,4
166,7068964216,3972411078007,1783475715234458007,4
167,7102297549,3972443020175,1783475715266400207,4
168,7135630882,3972475099820,1783475715298479756,4
169,7168964215,3972507089221,1783475715330469221,4
170,7202297548,3972539132993,1783475715362513025,4
171,7235630881,3972571123834,1783475715394503770,4
172,7268964214,3972603345180,1783475715426725148,4
173,7302297547,3972635159792,1783475715458539792,4
174,7335630880,3972667290062,1783475715490670062,4
175,7368964213,3972699328585,1783475715522708553,4
176,7402297546,3972731347684,1783475715554727684,4
177,7435630879,3972763318365,1783475715586698333,4
178,7468964212,3972795386489,1783475715618766489,4
179,7502297545,3972827602650,1783475715650982682,4
180,7535630878,3972859544658,1783475715682924658,4
181,7568964211,3972891474730,1783475715714854698,4
182,7602297544,3972923534630,1783475715746914566,4
183,7635630877,3972955794985,1783475715779174921,4
184,7668964210,3972987789058,1783475715811168994,4
185,7702297543,3973019597110,1783475715842977142,4
186,7735630876,3973051622961,1783475715875002961,4
187,7768964209,3973083608651,1783475715906988619,4
188,7802297542,3973115640678,1783475715939020678,4
189,7835630875,3973147814341,1783475715971194405,4
190,7868964208,3973180039559,1783475716003419527,4
191,7902297541,3973211750324,1783475716035130324,4
192,7935630874,3973243782347,1783475716067162283,4
193,7968964207,3973275758785,1783475716099138721,4
194,8002297540,3973307830810,1783475716131210810,4
195,8035630873,3973339896722,1783475716163276658,4
196,8068964206,3973371919241,1783475716195299209,4
197,8102297539,3973403806524,1783475716227186492,4
198,8135630872,3973435875796,1783475716259255796,4
199,8168964205,3973468169460,1783475716291549492,4
200,8202297538,3973500101512,1783475716323481512,4
201,8235630871,3973532085246,1783475716355465214,4
202,8268964204,3973564138166,1783475716387518166,4
203,8302297537,3973596282961,1783475716419662993,4
204,8335630870,3973628112610,1783475716451492546,4
205,8368964203,3973660146457,1783475716483526425,4
206,8402297536,3973692160560,1783475716515540592,4
207,8435630869,3973724200231,1783475716547580167,4
208,8468964202,3973756194846,1783475716579574782,4
209,8502297535,3973788398842,1783475716611778874,4
210,8535630868,3973820576471,1783475716643956407,4
211,8568964201,3973852456969,1783475716675836969,4
212,8602297534,3973884349788,1783475716707729724,4
213,8635630867,3973916393075,1783475716739773075,4
214,8668964200,3973948429963,1783475716771809995,4
215,8702297533,3973980453026,1783475716803832994,4
216,8735630866,3974012427255,1783475716835807255,4
217,8768964199,3974044836923,1783475716868216955,4
218,8802297532,3974076647051,1783475716900027051,4
219,8835630865,3974108573631,1783475716931953631,4
220,8868964198,3974140603254,1783475716963983254,4
221,8902297531,3974172670639,1783475716996050671,4
222,8935630864,3974204565535,1783475717027945535,4
223,8968964197,3974236701430,1783475717060081430,4
224,9002297530,3974268749290,1783475717092129322,4
225,9035630863,3974300740413,1783475717124120413,4
226,9068964196,3974332805233,1783475717156185233,4
227,9102297529,3974364812740,1783475717188192740,4
228,9135630862,3974396879321,1783475717220259321,4
229,9168964195,3974428858891,1783475717252238891,4
230,9202297528,3974460891967,1783475717284271967,4
231,9235630861,3974492888497,1783475717316268497,4
232,9268964194,3974524848482,1783475717348228482,4
233,9302297527,3974556971801,1783475717380351801,4
234,9335630860,3974589115696,1783475717412495728,4
235,9368964193,3974621156804,1783475717444536804,4
236,9402297526,3974653063444,1783475717476443444,4
237,9435630859,3974685075111,1783475717508455111,4
238,9468964192,3974717987895,1783475717541367895,4
239,9502297525,3974749332692,1783475717572712724,4
240,9535630858,3974781221155,1783475717604601187,4
241,9568964191,3974813276760,1783475717636656792,4
242,9602297524,3974845378030,1783475717668758030,4
243,9635630857,3974877349151,1783475717700729151,4
244,9668964190,3974909346098,1783475717732726130,4
245,9702297523,3974941334628,1783475717764714660,4
246,9735630856,3974973294837,1783475717796674869,4
247,9768964189,3975069725691,1783475717893105691,4
248,9802297522,3975101478885,1783475717924858917,4
249,9835630855,3975133549018,1783475717956929018,4
250,9868964188,3975166155809,1783475717989535745,4
251,9902297521,3975197461851,1783475718020841851,4
252,9935630854,3975229620751,1783475718053000783,4
253,9968964187,3975261610013,1783475718084989981,4
254,10002297520,3975293672878,1783475718117052814,4
255,10035630853,3975325668605,1783475718149048637,4
256,10068964186,3975357730254,1783475718181110222,4
257,10102297519,3975389803135,1783475718213183071,4
258,10135630852,3975421619848,1783475718244999816,4
259,10168964185,3975453770108,1783475718277150108,4
260,10202297518,3975485810508,1783475718309190508,4
261,10235630851,3975517722904,1783475718341102904,4
262,10268964184,3975549824842,1783475718373204778,4
263,10302297517,3975581872027,1783475718405252027,4
264,10335630850,3975614069552,1783475718437449552,4
265,10368964183,3975645943003,1783475718469322971,4
266,10402297516,3975677908553,1783475718501288553,4
267,10435630849,3975710083453,1783475718533463453,4
268,10468964182,3975742156558,1783475718565536558,4
269,10502297515,3975774095419,1783475718597475387,4
270,10535630848,3975806102250,1783475718629482186,4
271,10568964181,3975838264895,1783475718661644927,4
272,10602297514,3975870342480,1783475718693722416,4
273,10635630847,3975902412609,1783475718725792641,4
274,10668964180,3975934253547,1783475718757633515,4
275,10702297513,3975966122582,1783475718789502518,4
276,10735630846,3975998172134,1783475718821552134,4
277,10768964179,3976030346843,1783475718853726843,4
278,10802297512,3976062422860,1783475718885802828,4
279,10835630845,3976094367737,1783475718917747673,4
280,10868964178,3976126373064,1783475718949753064,4
281,10902297511,3976158485851,1783475718981865851,4
282,10935630844,3976190468040,1783475719013848040,4
283,10968964177,3976222444786,1783475719045824722,4
284,11002297510,3976254557057,1783475719077937089,4
285,11035630843,3976286600718,1783475719109980718,4
286,11068964176,3976318435284,1783475719141815252,4
287,11102297509,3976350520290,1783475719173900290,4
288,11135630842,3976382649969,1783475719206029905,4
289,11168964175,3976414692766,1783475719238072734,4
290,11202297508,3976446557508,1783475719269937444,4
291,11235630841,3976478799159,1783475719302179191,4
292,11268964174,3976510789122,1783475719334169058,4
293,11302297507,3976542666538,1783475719366046474,4
294,11335630840,3976574865627,1783475719398245627,4
295,11368964173,3976607160528,1783475719430540560,4
296,11402297506,3976638951701,1783475719462331701,4
297,11435630839,3976670857981,1783475719494237917,4
298,11468964172,3976703110544,1783475719526490544,4
299,11502297505,3976735108571,1783475719558488603,4
300,11535630838,3976767029092,1783475719590409060,4
301,11568964171,3976798986286,1783475719622366222,4
302,11602297504,3976831373669,1783475719654753669,4
303,11635630837,3976863284910,1783475719686664942,4
304,11668964170,3976895044337,1783475719718424337,4
305,11702297503,3976927174497,1783475719750554465,4
306,11735630836,3976959210829,1783475719782590861,4
307,11768964169,3976991142038,1783475719814521974,4
308,11802297502,3977023112864,1783475719846492800,4
309,11835630835,3977055230767,1783475719878610767,4
310,11868964168,3977087252219,1783475719910632187,4
311,11902297501,3977119170468,1783475719942550436,4
312,11935630834,3977151345653,1783475719974725653,4
313,11968964167,3977183509861,1783475720006889861,4
314,12002297500,3977215372808,1783475720038752776,4
315,12035630833,3977247362223,1783475720070742191,4
316,12068964166,3977279501915,1783475720102881979,4
317,12102297499,3977311565893,1783475720134945893,4
318,12135630832,3977343425864,1783475720166805832,4
319,12168964165,3977375537747,1783475720198917779,4
320,12202297498,3977407588860,1783475720230968828,4
321,12235630831,3977439670758,1783475720263050790,4
322,12268964164,3977471666382,1783475720295046414,4
323,12302297497,3977503623444,1783475720327003380,4
324,12335630830,3977535791649,1783475720359171649,4
325,12368964163,3977567593666,1783475720390973634,4
326,12402297496,3977599904180,1783475720423284212,4
327,12435630829,3977631772439,1783475720455152471,4
328,12468964162,3977663806720,1783475720487186688,4
329,12502297495,3977695805191,1783475720519185223,4
330,12535630828,3977727851504,1783475720551231504,4
331,12568964161,3977759934587,1783475720583314555,4
332,12602297494,3977792139753,1783475720615519753,4
333,12635630827,3977824049069,1783475720647429101,4
334,12668964160,3977856086838,1783475720679466774,4
335,12702297493,3977887871959,1783475720711251927,4
336,12735630826,3977919945505,1783475720743325537,4
337,12768964159,3977952077676,1783475720775457644,4
338,12802297492,3977984128278,1783475720807508278,4
339,12835630825,3978016069147,1783475720839449147,4
340,12868964158,3978048093380,1783475720871473316,4
341,12902297491,3978080194030,1783475720903574030,4
342,12935630824,3978112302809,1783475720935682777,4
343,12968964157,3978144152700,1783475720967532604,4
344,13002297490,3978176224934,1783475720999604934,4
345,13035630823,3978208340334,1783475721031720270,4
346,13068964156,3978240263024,1783475721063643024,4
347,13102297489,3978272298869,1783475721095678837,4
348,13135630822,3978304411228,1783475721127791260,4
349,13168964155,3978336421152,1783475721159801184,4
350,13202297488,3978368299296,1783475721191679296,4
351,13235630821,3978400461385,1783475721223841321,4
352,13268964154,3978432396267,1783475721255776203,4
353,13302297487,3978464443377,1783475721287823409,4
354,13335630820,3978496539416,1783475721319919352,4
355,13368964153,3978528561244,1783475721351941244,4
356,13402297486,3978560600833,1783475721383980801,4
357,13435630819,3978592641543,1783475721416021543,4
358,13468964152,3978624679052,1783475721448059084,4
359,13502297485,3978656705361,1783475721480085329,4
360,13535630818,3978688718357,1783475721512098293,4
361,13568964151,3978720743290,1783475721544123290,4
362,13602297484,3978753092489,1783475721576472521,4
363,13635630817,3978784954920,1783475721608334952,4
364,13668964150,3978816891370,1783475721640271370,4
365,13702297483,3978848996177,1783475721672376177,4
366,13735630816,3978880933267,1783475721704313299,4
367,13768964149,3978912927959,1783475721736307959,4
368,13802297482,3978945056991,1783475721768437055,4
369,13835630815,3978977031746,1783475721800411746,4
370,13868964148,3979008999077,1783475721832379077,4
371,13902297481,3979041112108,1783475721864492108,4
372,13935630814,3979073124625,1783475721896504625,4
373,13968964147,3979105349052,1783475721928729052,4
374,14002297480,3979137201723,1783475721960581723,4
375,14035630813,3979169096060,1783475721992476060,4
376,14068964146,3979201117150,1783475722024497150,4
377,14102297479,3979233198209,1783475722056578209,4
378,14135630812,3979265299204,1783475722088679236,4
379,14168964145,3979297394215,1783475722120774247,4
380,14202297478,3979329503787,1783475722152883819,4
381,14235630811,3979361393768,1783475722184773736,4
382,14268964144,3979393485387,1783475722216865387,4
383,14302297477,3979425391176,1783475722248771176,4
384,14335630810,3979457440458,1783475722280820458,4
385,14368964143,3979489489996,1783475722312869996,4
386,14402297476,3979521525134,1783475722344905134,4
387,14435630809,3979553459308,1783475722376839308,4
388,14468964142,3979585482797,1783475722408862829,4
389,14502297475,3979617535151,1783475722440915183,4
390,14535630808,3979649590481,1783475722472970481,4
391,14568964141,3979681557104,1783475722504937104,4
392,14602297474,3979713694549,1783475722537074581,4
393,14635630807,3979745757111,1783475722569137111,4
394,14668964140,3979777640307,1783475722601020339,4
395,14702297473,3979809859131,1783475722633239131,4
396,14735630806,3979841844026,1783475722665224026,4
397,14768964139,3979873841883,1783475722697221883,4
398,14802297472,3979905915933,1783475722729295933,4
399,14835630805,3979937840571,1783475722761220571,4
400,14868964138,3979970012161,1783475722793392161,4
401,14902297471,3980002025538,1783475722825405570,4
402,14935630804,3980033989953,1783475722857369953,4
403,14968964137,3980065886910,1783475722889266942,4
404,15002297470,3980098030595,1783475722921410595,4
405,15035630803,3980129967425,1783475722953347457,4
406,15068964136,3980162250954,1783475722985630986,4
407,15102297469,3980194139109,1783475723017519077,4
408,15135630802,3980226234821,1783475723049614821,4
409,15168964135,3980258246338,1783475723081626338,4
410,15202297468,3980290255871,1783475723113635903,4
411,15235630801,3980322264316,1783475723145644316,4
412,15268964134,3980354229527,1783475723177609527,4
413,15302297467,3980386250453,1783475723209630485,4
414,15335630800,3980418261138,1783475723241641138,4
415,15368964133,3980450403059,1783475723273783059,4
416,15402297466,3980482364366,1783475723305744366,4
417,15435630799,3980514378700,1783475723337758700,4
418,15468964132,3980546413705,1783475723369793705,4
419,15502297465,3980578425894,1783475723401805894,4
420,15535630798,3980610382946,1783475723433762946,4
421,15568964131,3980642509410,1783475723465889410,4
422,15602297464,3980674550336,1783475723497930368,4
423,15635630797,3980706531324,1783475723529911356,4
424,15668964130,3980738594395,1783475723561974395,4
425,15702297463,3980770585239,1783475723593965239,4
426,15735630796,3980802627221,1783475723626007221,4
427,15768964129,3980834656275,1783475723658036307,4
428,15802297462,3980866815797,1783475723690195829,4
429,15835630795,3980898869491,1783475723722249491,4
430,15868964128,3980930837775,1783475723754217807,4
431,15902297461,3980962894925,1783475723786274957,4
432,15935630794,3980994790918,1783475723818170918,4
433,15968964127,3981026781091,1783475723850161091,4
434,16002297460,3981058839585,1783475723882219585,4
435,16035630793,3981090991203,1783475723914371235,4
436,16068964126,3981123043777,1783475723946423777,4
437,16102297459,3981155026877,1783475723978406941,4
438,16135630792,3981186928598,1783475724010308598,4
439,16168964125,3981218967280,1783475724042347280,4
440,16202297458,3981251067404,1783475724074447404,4
441,16235630791,3981283013860,1783475724106393892,4
442,16268964124,3981315046622,1783475724138426622,4
443,16302297457,3981347156794,1783475724170536794,4
444,16335630790,3981379195509,1783475724202575541,4
445,16368964123,3981411323282,1783475724234703282,4
446,16402297456,3981443344556,1783475724266724556,4
447,16435630789,3981475281059,1783475724298661059,4
448,16468964122,3981507207993,1783475724330588025,4
449,16502297455,3981539258228,1783475724362638228,4
450,16535630788,3981571279598,1783475724394659598,4
451,16568964121,3981603295399,1783475724426675431,4
452,16602297454,3981635450341,1783475724458830373,4
453,16635630787,3981667319962,1783475724490699994,4
454,16668964120,3981699390517,1783475724522770517,4
455,16702297453,3981731478929,1783475724554858929,4
456,16735630786,3981763539916,1783475724586919916,4
457,16768964119,3981795493508,1783475724618873508,4
458,16802297452,3981827662402,1783475724651042434,4
459,16835630785,3981859767903,1783475724683147935,4
460,16868964118,3981891735383,1783475724715115415,4
461,16902297451,3981923645357,1783475724747025389,4
462,16935630784,3981955693063,1783475724779073063,4
463,16968964117,3981987720513,1783475724811100513,4
464,17002297450,3982019791709,1783475724843171709,4
465,17035630783,3982051876408,1783475724875256408,4
466,17068964116,3982083717836,1783475724907097868,4
467,17102297449,3982115736390,1783475724939116390,4
468,17135630782,3982147851491,1783475724971231491,4
469,17168964115,3982179801754,1783475725003181786,4
470,17202297448,3982211875506,1783475725035255538,4
471,17235630781,3982243943114,1783475725067323114,4
472,17268964114,3982276030114,1783475725099410114,4
473,17302297447,3982307950645,1783475725131330677,4
474,17335630780,3982340476123,1783475725163856155,4
475,17368964113,3982372187207,1783475725195567207,4
476,17402297446,3982404014391,1783475725227394391,4
477,17435630779,3982436128528,1783475725259508560,4
478,17468964112,3982468101285,1783475725291481317,4
479,17502297445,3982500130139,1783475725323510139,4
480,17535630778,3982532264021,1783475725355644021,4
481,17568964111,3982564267818,1783475725387647850,4
482,17602297444,3982596252063,1783475725419632095,4
483,17635630777,3982628298966,1783475725451678998,4
484,17668964110,3982660321228,1783475725483701260,4
485,17702297443,3982692332514,1783475725515712514,4
486,17735630776,3982724304471,1783475725547684503,4
487,17768964109,3982756435824,1783475725579815856,4
488,17802297442,3982788465575,1783475725611845607,4
489,17835630775,3982820601281,1783475725643981313,4
490,17868964108,3982852543636,1783475725675923668,4
491,17902297441,3982884593547,1783475725707973611,4
492,17935630774,3982916486301,1783475725739866333,4
493,17968964107,3982948659512,1783475725772039544,4
494,18002297440,3982980680110,1783475725804060142,4
495,18035630773,3983012774055,1783475725836154055,4
496,18068964106,3983044698202,1783475725868078234,4
497,18102297439,3983076669710,1783475725900049710,4
498,18135630772,3983108681924,1783475725932061956,4
499,18168964105,3983140715675,1783475725964095707,4
500,18202297438,3983172731121,1783475725996111121,4
501,18235630771,3983204805670,1783475726028185670,4
502,18268964104,3983236915227,1783475726060295259,4
503,18302297437,3983268934926,1783475726092314958,4
504,18335630770,3983301050147,1783475726124430179,4
505,18368964103,3983333073942,1783475726156453942,4
506,18402297436,3983364984229,1783475726188364229,4
507,18435630769,3983396994135,1783475726220374167,4
508,18468964102,3983428991145,1783475726252371145,4
509,18502297435,3983461043772,1783475726284423772,4
510,18535630768,3983493044494,1783475726316424494,4
511,18568964101,3983525019967,1783475726348399967,4
512,18602297434,3983557151541,1783475726380531573,4
513,18635630767,3983589145671,1783475726412525703,4
514,18668964100,3983621117048,1783475726444497080,4
515,18702297433,3983653170668,1783475726476550700,4
516,18735630766,3983685173182,1783475726508553182,4
517,18768964099,3983717228113,1783475726540608113,4
518,18802297432,3983749447370,1783475726572827402,4
519,18835630765,3983781402970,1783475726604782970,4
520,18868964098,3983877642552,1783475726701022584,4
521,18902297431,3983909456004,1783475726732836068,4
522,18935630764,3983941538456,1783475726764918456,4
523,18968964097,3983973504521,1783475726796884585,4
524,19002297430,3984005485690,1783475726828865690,4
525,19035630763,3984037565359,1783475726860945359,4
526,19068964096,3984069503486,1783475726892883486,4
527,19102297429,3984101538289,1783475726924918321,4
528,19135630762,3984133584389,1783475726956964389,4
529,19168964095,3984165589943,1783475726988969943,4
530,19202297428,3984197682954,1783475727021062954,4
531,19235630761,3984229821212,1783475727053201212,4
532,19268964094,3984261736040,1783475727085116072,4
533,19302297427,3984293703381,1783475727117083413,4
534,19335630760,3984325996621,1783475727149376621,4
535,19368964093,3984357870071,1783475727181250071,4
536,19402297426,3984389853061,1783475727213233093,4
537,19435630759,3984421849203,1783475727245229267,4
538,19468964092,3984453899075,1783475727277279075,4
539,19502297425,3984485939251,1783475727309319251,4
540,19535630758,3984518048708,1783475727341428772,4
541,19568964091,3984550010513,1783475727373390577,4
542,19602297424,3984581960350,1783475727405340382,4
543,19635630757,3984614016110,1783475727437396110,4
544,19668964090,3984646036989,1783475727469417021,4
545,19702297423,3984678060012,1783475727501440044,4
546,19735630756,3984710142365,1783475727533522429,4
547,19768964089,3984742211246,1783475727565591246,4
548,19802297422,3984774230973,1783475727597611005,4
549,19835630755,3984806430385,1783475727629810385,4
550,19868964088,3984838364925,1783475727661744957,4
551,19902297421,3984870277097,1783475727693657097,4
552,19935630754,3984902286520,1783475727725666552,4
553,19968964087,3984934354952,1783475727757734984,4
554,20002297420,3984966438457,1783475727789818521,4
555,20035630753,3984998477128,1783475727821857128,4
556,20068964086,3985030506616,1783475727853886616,4
557,20102297419,3985062456708,1783475727885836740,4
558,20135630752,3985094552630,1783475727917932662,4
559,20168964085,3985126539204,1783475727949919204,4
560,20202297418,3985158543314,1783475727981923346,4
561,20235630751,3985190595489,1783475728013975521,4
562,20268964084,3985222705231,1783475728046085231,4
563,20302297417,3985254713754,1783475728078093754,4
564,20335630750,3985286629538,1783475728110009538,4
565,20368964083,3985318715216,1783475728142095216,4
566,20402297416,3985350814302,1783475728174194302,4
567,20435630749,3985382793896,1783475728206173896,4
568,20468964082,3985414754161,1783475728238134193,4
569,20502297415,3985446786333,1783475728270166365,4
570,20535630748,3985479059248,1783475728302439248,4
571,20568964081,3985510951416,1783475728334331448,4
572,20602297414,3985542991940,1783475728366371940,4
573,20635630747,3985574928237,1783475728398308237,4
574,20668964080,3985607174975,1783475728430555007,4
575,20702297413,3985639073991,1783475728462454023,4
576,20735630746,3985671093746,1783475728494473746,4
577,20768964079,3985703098909,1783475728526478909,4
578,20802297412,3985735125193,1783475728558505225,4
579,20835630745,3985767131059,1783475728590511059,4
580,20868964078,3985799236994,1783475728622617026,4
581,20902297411,3985831187691,1783475728654567691,4
582,20935630744,3985863198454,1783475728686578486,4
583,20968964077,3985895254114,1783475728718634114,4
584,21002297410,3985927185899,1783475728750565899,4
585,21035630743,3985959280793,1783475728782660825,4
586,21068964076,3985991263939,1783475728814643939,4
587,21102297409,3986023322384,1783475728846702384,4
588,21135630742,3986055355835,1783475728878735835,4
589,21168964075,3986087389927,1783475728910769927,4
590,21202297408,3986119605337,1783475728942985337,4
591,21235630741,3986151475391,1783475728974855391,4
592,21268964074,3986183421384,1783475729006801384,4
593,21302297407,3986215598069,1783475729038978101,4
594,21335630740,3986247501689,1783475729070881689,4
595,21368964073,3986279534529,1783475729102914529,4
596,21402297406,3986311592650,1783475729134972650,4
597,21435630739,3986343697973,1783475729167077973,4
598,21468964072,3986375709020,1783475729199089020,4
599,21502297405,3986407661698,1783475729231041698,4
600,21535630738,3986439944786,1783475729263324786,4
601,21568964071,3986471728467,1783475729295108531,4
602,21602297404,3986504110886,1783475729327490886,4
603,21635630737,3986535733633,1783475729359113633,4
604,21668964070,3986567937647,1783475729391317679,4
605,21702297403,3986600015065,1783475729423395033,4
606,21735630736,3986631871195,1783475729455251195,4
607,21768964069,3986663926948,1783475729487306884,4
608,21802297402,3986696035343,1783475729519415279,4
609,21835630735,3986728108408,1783475729551488408,4
610,21868964068,3986760095487,1783475729583475487,4
611,21902297401,3986792062373,1783475729615442405,4
612,21935630734,3986824199377,1783475729647579377,4
613,21968964067,3986856166903,1783475729679546903,4
614,22002297400,3986888130653,1783475729711510685,4
615,22035630733,3986920148709,1783475729743528741,4
616,22068964066,3986952124716,1783475729775504716,4
617,22102297399,3986984136979,1783475729807517011,4
618,22135630732,3987016282207,1783475729839662239,4
619,22168964065,3987048486605,1783475729871866637,4
620,22202297398,3987080324495,1783475729903704559,4
621,22235630731,3987112321718,1783475729935701750,4
622,22268964064,3987144391999,1783475729967772031,4
623,22302297397,3987176302404,1783475729999682404,4
624,22335630730,3987208372458,1783475730031752490,4
625,22368964063,3987240457360,1783475730063837360,4
626,22402297396,3987272468052,1783475730095848052,4
627,22435630729,3987304477464,1783475730127857528,4
628,22468964062,3987336532638,1783475730159912670,4
629,22502297395,3987368600388,1783475730191980420,4
630,22535630728,3987400731659,1783475730224111691,4
631,22568964061,3987432565610,1783475730255945642,4
632,22602297394,3987464674513,1783475730288054545,4
633,22635630727,3987496649236,1783475730320029268,4
634,22668964060,3987528791260,1783475730352171292,4
635,22702297393,3987560831265,1783475730384211297,4
636,22735630726,3987592748226,1783475730416128226,4
637,22768964059,3987624872138,1783475730448252138,4
638,22802297392,3987656836076,1783475730480216076,4
639,22835630725,3987689021334,1783475730512401334,4
640,22868964058,3987721055291,1783475730544435323,4
641,22902297391,3987752915162,1783475730576295194,4
642,22935630724,3987785002592,1783475730608382560,4
643,22968964057,3987817001508,1783475730640381540,4
644,23002297390,3987849129484,1783475730672509484,4
645,23035630723,3987881035948,1783475730704415948,4
646,23068964056,3987913008175,1783475730736388175,4
647,23102297389,3987945050388,1783475730768430388,4
648,23135630722,3987977328961,1783475730800708961,4
649,23168964055,3988009198112,1783475730832578112,4
650,23202297388,3988041133954,1783475730864513986,4
651,23235630721,3988073184871,1783475730896564903,4
652,23268964054,3988105172587,1783475730928552619,4
653,23302297387,3988137186095,1783475730960566095,4
654,23335630720,3988169294038,1783475730992674070,4
655,23368964053,3988201270422,1783475731024650454,4
656,23402297386,3988233440092,1783475731056820124,4
657,23435630719,3988265342201,1783475731088722137,4
658,23468964052,3988297319993,1783475731120699993,4
659,23502297385,3988329423484,1783475731152803516,4
660,23535630718,3988361517791,1783475731184897727,4
661,23568964051,3988393455133,1783475731216835101,4
662,23602297384,3988425515231,1783475731248895263,4
663,23635630717,3988457844106,1783475731281224106,4
664,23668964050,3988489637956,1783475731313017956,4
665,23702297383,3988521604739,1783475731344984675,4
666,23735630716,3988553520672,1783475731376900608,4
667,23768964049,3988585560994,1783475731408940994,4
668,23802297382,3988617875148,1783475731441255084,4
669,23835630715,3988649762697,1783475731473142729,4
670,23868964048,3988681739720,1783475731505119688,4
671,23902297381,3988713774153,1783475731537154153,4
672,23935630714,3988745848588,1783475731569228588,4
673,23968964047,3988777761481,1783475731601141417,4
674,24002297380,3988809921134,1783475731633301166,4
675,24035630713,3988841957360,1783475731665337296,4
676,24068964046,3988873932751,1783475731697312719,4
677,24102297379,3988905928879,1783475731729308911,4
678,24135630712,3988938084596,1783475731761464596,4
679,24168964045,3988969934960,1783475731793314960,4
680,24202297378,3989001943472,1783475731825323376,4
681,24235630711,3989034002354,1783475731857382290,4
682,24268964044,3989066143127,1783475731889523127,4
683,24302297377,3989098063317,1783475731921443285,4
684,24335630710,3989130114998,1783475731953495062,4
685,24368964043,3989162179577,1783475731985559609,4
686,24402297376,3989194148310,1783475732017528342,4
687,24435630709,3989226155187,1783475732049535187,4
688,24468964042,3989258268627,1783475732081648691,4
689,24502297375,3989290289809,1783475732113669809,4
690,24535630708,3989322443314,1783475732145823282,4
691,24568964041,3989354344492,1783475732177724524,4
692,24602297374,3989386497869,1783475732209877837,4
693,24635630707,3989418461225,1783475732241841257,4
694,24668964040,3989450450277,1783475732273830309,4
695,24702297373,3989482408737,1783475732305788705,4
696,24735630706,3989514417406,1783475732337797406,4
697,24768964039,3989546545534,1783475732369925534,4
698,24802297372,3989578590428,1783475732401970364,4
699,24835630705,3989610561528,1783475732433941560,4
700,24868964038,3989642750491,1783475732466130491,4
701,24902297371,3989674569106,1783475732497949138,4
702,24935630704,3989706640305,1783475732530020241,4
703,24968964037,3989738817939,1783475732562197971,4
704,25002297370,3989770766734,1783475732594146734,4
705,25035630703,3989802738058,1783475732626118058,4
706,25068964036,3989834807529,1783475732658187561,4
707,25102297369,3989866857767,1783475732690237703,4
708,25135630702,3989898929574,1783475732722309574,4
709,25168964035,3989930903330,1783475732754283330,4
710,25202297368,3989963047619,1783475732786427587,4
711,25235630701,3989995240582,1783475732818620582,4
712,25268964034,3990027036348,1783475732850416316,4
713,25302297367,3990059085658,1783475732882465626,4
714,25335630700,3990091123032,1783475732914503000,4
715,25368964033,3990123184823,1783475732946564759,4
716,25402297366,3990155229589,1783475732978609589,4
717,25435630699,3990187270322,1783475733010650290,4
718,25468964032,3990219253899,1783475733042633867,4
719,25502297365,3990251330822,1783475733074710822,4
720,25535630698,3990283286206,1783475733106666174,4
721,25568964031,3990315264919,1783475733138644887,4
722,25602297364,3990347314513,1783475733170694481,4
723,25635630697,3990379352812,1783475733202732748,4
724,25668964030,3990411457160,1783475733234837096,4
725,25702297363,3990443414080,1783475733266794048,4
726,25735630696,3990475501980,1783475733298881948,4
727,25768964029,3990507484949,1783475733330864885,4
728,25802297362,3990539405420,1783475733362785388,4
729,25835630695,3990571420005,1783475733394800005,4
730,25868964028,3990603512577,1783475733426892545,4
731,25902297361,3990635573500,1783475733458953500,4
732,25935630694,3990667724794,1783475733491104762,4
733,25968964027,3990699656433,1783475733523036401,4
734,26002297360,3990731762830,1783475733555142862,4
735,26035630693,3990763749863,1783475733587129831,4
736,26068964026,3990795549338,1783475733618929306,4
737,26102297359,3990827788634,1783475733651168634,4
738,26135630692,3990859954041,1783475733683334041,4
739,26168964025,3990891758764,1783475733715138764,4
740,26202297358,3990923890857,1783475733747270793,4
741,26235630691,3990955888834,1783475733779268866,4
742,26268964024,3990987997119,1783475733811377087,4
743,26302297357,3991019984600,1783475733843364632,4
744,26335630690,3991051926287,1783475733875306319,4
745,26368964023,3991084385367,1783475733907765335,4
746,26402297356,3991115864064,1783475733939244064,4
747,26435630689,3991148049535,1783475733971429503,4
748,26468964022,3991179916116,1783475734003296052,4
749,26502297355,3991211979979,1783475734035360011,4
750,26535630688,3991244217129,1783475734067597065,4
751,26568964021,3991276116475,1783475734099496507,4
752,26602297354,3991308073904,1783475734131453904,4
753,26635630687,3991340082374,1783475734163462342,4
754,26668964020,3991372102876,1783475734195482908,4
755,26702297353,3991404166164,1783475734227546132,4
756,26735630686,3991436228363,1783475734259608331,4
757,26768964019,3991468229761,1783475734291609793,4
758,26802297352,3991500225751,1783475734323605783,4
759,26835630685,3991532310831,1783475734355690799,4
760,26868964018,3991564306277,1783475734387686277,4
761,26902297351,3991596420926,1783475734419800926,4
762,26935630684,3991628496502,1783475734451876438,4
763,26968964017,3991660382216,1783475734483762216,4
764,27002297350,3991692404287,1783475734515784287,4
765,27035630683,3991724556281,1783475734547936249,4
766,27068964016,3991756500653,1783475734579880621,4
767,27102297349,3991788591526,1783475734611971558,4
768,27135630682,3991820775649,1783475734644155649,4
769,27168964015,3991852720725,1783475734676100725,4
770,27202297348,3991884757420,1783475734708137452,4
771,27235630681,3991916593021,1783475734739973021,4
772,27268964014,3991948711446,1783475734772091446,4
773,27302297347,3991980767502,1783475734804147534,4
774,27335630680,3992012815909,1783475734836195909,4
775,27368964013,3992044844124,1783475734868224124,4
776,27402297346,3992076915540,1783475734900295540,4
777,27435630679,3992108827079,1783475734932207111,4
778,27468964012,3992140856413,1783475734964236413,4
779,27502297345,3992172961526,1783475734996341526,4
780,27535630678,3992204953289,1783475735028333289,4
781,27568964011,3992236910266,1783475735060290266,4
782,27602297344,3992269012207,1783475735092392207,4
783,27635630677,3992300979457,1783475735124359457,4
784,27668964010,3992333133400,1783475735156513400,4
785,27702297343,3992365123338,1783475735188503338,4
786,27735630676,3992397102619,1783475735220482619,4
787,27768964009,3992429130671,1783475735252510703,4
788,27802297342,3992461145793,1783475735284525825,4
789,27835630675,3992493153172,1783475735316533236,4
790,27868964008,3992525407566,1783475735348787598,4
791,27902297341,3992557242843,1783475735380622843,4
792,27935630674,3992589237261,1783475735412617261,4
793,27968964007,3992685476140,1783475735508856204,4
794,28002297340,3992717369595,1783475735540749595,4
795,28035630673,3992749494769,1783475735572874801,4
796,28068964006,3992781429985,1783475735604810017,4
797,28102297339,3992813528886,1783475735636908950,4
798,28135630672,3992845786545,1783475735669166577,4
799,28168964005,3992877671775,1783475735701051807,4
800,28202297338,3992909581071,1783475735732961103,4
801,28235630671,3992941725478,1783475735765105478,4
802,28268964004,3992973689047,1783475735797069079,4
803,28302297337,3993005740267,1783475735829120299,4
804,28335630670,3993037668635,1783475735861048667,4
805,28368964003,3993069721231,1783475735893101167,4
806,28402297336,3993101742818,1783475735925122818,4
807,28435630669,3993133758708,1783475735957138644,4
808,28468964002,3993165908043,1783475735989288043,4
809,28502297335,3993197902684,1783475736021282652,4
810,28535630668,3993229751750,1783475736053131686,4
811,28568964001,3993261817271,1783475736085197271,4
812,28602297334,3993293904616,1783475736117284552,4
813,28635630667,3993325936600,1783475736149316536,4
814,28668964000,3993358027946,1783475736181407946,4
815,28702297333,3993390056217,1783475736213436153,4
816,28735630666,3993422074249,1783475736245454281,4
817,28768963999,3993454035446,1783475736277415414,4
818,28802297332,3993486052678,1783475736309432678,4
819,28835630665,3993518238714,1783475736341618714,4
820,28868963998,3993550163207,1783475736373543239,4
821,28902297331,3993582123861,1783475736405503797,4
822,28935630664,3993614187301,1783475736437567333,4
823,28968963997,3993646327929,1783475736469707897,4
824,29002297330,3993678289478,1783475736501669478,4
825,29035630663,3993710199986,1783475736533580050,4
826,29068963996,3993742467017,1783475736565846985,4
827,29102297329,3993774341396,1783475736597721364,4
828,29135630662,3993806394565,1783475736629774565,4
829,29168963995,3993838420084,1783475736661800020,4
830,29202297328,3993870530311,1783475736693910311,4
831,29235630661,3993902524085,1783475736725904053,4
832,29268963994,3993934385312,1783475736757765280,4
833,29302297327,3993966486034,1783475736789866066,4
834,29335630660,3993998559811,1783475736821939779,4
835,29368963993,3994030551122,1783475736853931122,4
836,29402297326,3994062598338,1783475736885978274,4
837,29435630659,3994094560848,1783475736917940816,4
838,29468963992,3994126627009,1783475736950007009,4
839,29502297325,3994158648816,1783475736982028784,4
840,29535630658,3994190696863,1783475737014076863,4
841,29568963991,3994222761453,1783475737046141453,4
842,29602297324,3994254728887,1783475737078108855,4
843,29635630657,3994286742947,1783475737110122979,4
844,29668963990,3994318824817,1783475737142204881,4
845,29702297323,3994350892446,1783475737174272382,4
846,29735630656,3994382817736,1783475737206197768,4
847,29768963989,3994414834515,1783475737238214547,4
848,29802297322,3994446987396,1783475737270367332,4
849,29835630655,3994478880076,1783475737302260044,4
850,29868963988,3994511084733,1783475737334464733,4
851,29902297321,3994543216525,1783475737366596493,4
852,29935630654,3994575056115,1783475737398436115,4
853,29968963987,3994607092480,1783475737430472448,4
854,30002297320,3994639168782,1783475737462548814,4
855,30035630653,3994671109271,1783475737494489271,4
856,30068963986,3994703121987,1783475737526501955,4
857,30102297319,3994735206193,1783475737558586193,4
858,30135630652,3994767242046,1783475737590622046,4
859,30168963985,3994799222760,1783475737622602728,4
860,30202297318,3994831371704,1783475737654751672,4
861,30235630651,3994863448230,1783475737686828262,4
862,30268963984,3994895553237,1783475737718933141,4
863,30302297317,3994927382875,1783475737750762939,4
864,30335630650,3994959458089,1783475737782838025,4
865,30368963983,3994991484981,1783475737814864917,4
866,30402297316,3995023353660,1783475737846733596,4
867,30435630649,3995055539598,1783475737878919630,4
868,30468963982,3995087588475,1783475737910968475,4
869,30502297315,3995119700873,1783475737943080841,4
870,30535630648,3995151601394,1783475737974981394,4
871,30568963981,3995183625854,1783475738007005822,4
872,30602297314,3995215531011,1783475738038910979,4
873,30635630647,3995247728593,1783475738071108625,4
874,30668963980,3995279675255,1783475738103055191,4
875,30702297313,3995311699072,1783475738135079072,4
876,30735630646,3995343799915,1783475738167179819,4
877,30768963979,3995375769650,1783475738199149682,4
878,30802297312,3995407833596,1783475738231213564,4
879,30835630645,3995439848388,1783475738263228324,4
880,30868963978,3995471814667,1783475738295194603,4
881,30902297311,3995503929111,1783475738327309111,4
882,30935630644,3995535964352,1783475738359344288,4
883,30968963977,3995567930503,1783475738391310535,4
884,31002297310,3995599938895,1783475738423318927,4
885,31035630643,3995631999161,1783475738455379097,4
886,31068963976,3995664058211,1783475738487438243,4
887,31102297309,3995696017994,1783475738519397930,4
888,31135630642,3995728044307,1783475738551424275,4
889,31168963975,3995760150174,1783475738583530206,4
890,31202297308,3995792130597,1783475738615510629,4
891,31235630641,3995824245105,1783475738647625041,4
892,31268963974,3995856364572,1783475738679744572,4
893,31302297307,3995888479272,1783475738711859304,4
894,31335630640,3995920315627,1783475738743695563,4
895,31368963973,3995952373493,1783475738775753493,4
896,31402297306,3995984318907,1783475738807698843,4
897,31435630639,3996016307107,1783475738839687075,4
898,31468963972,3996048591923,1783475738871971923,4
899,31502297305,3996080454583,1783475738903834615,4
900,31535630638,3996112441311,1783475738935821279,4
901,31568963971,3996144437671,1783475738967817703,4
902,31602297304,3996176484368,1783475738999864368,4
903,31635630637,3996208541975,1783475739031921943,4
904,31668963970,3996240549948,1783475739063929980,4
905,31702297303,3996272571649,1783475739095951681,4
906,31735630636,3996304601671,1783475739127981639,4
907,31768963969,3996336687182,1783475739160067182,4
908,31802297302,3996368682610,1783475739192062674,4
909,31835630635,3996400677143,1783475739224057175,4
910,31868963968,3996432838944,1783475739256218944,4
911,31902297301,3996464842725,1783475739288222757,4
912,31935630634,3996496768039,1783475739320147975,4
913,31968963967,3996528775148,1783475739352155084,4
914,32002297300,3996560989431,1783475739384369463,4
915,32035630633,3996592842007,1783475739416221943,4
916,32068963966,3996624807483,1783475739448187451,4
917,32102297299,3996656952708,1783475739480332708,4
918,32135630632,3996688975273,1783475739512355209,4
919,32168963965,3996721369594,1783475739544749594,4
920,32202297298,3996753177529,1783475739576557529,4
921,32235630631,3996785130780,1783475739608510812,4
922,32268963964,3996817141089,1783475739640521089,4
923,32302297297,3996849224584,1783475739672604584,4
924,32335630630,3996881188651,1783475739704568683,4
925,32368963963,3996913243154,1783475739736623154,4
926,32402297296,3996945206773,1783475739768586773,4
927,32435630629,3996977289820,1783475739800669852,4
928,32468963962,3997009610347,1783475739832990379,4
929,32502297295,3997041271941,1783475739864651973,4
930,32535630628,3997073376813,1783475739896756845,4
931,32568963961,3997105365713,1783475739928745713,4
932,32602297294,3997137423095,1783475739960803127,4
933,32635630627,3997169460189,1783475739992840189,4
934,32668963960,3997201408670,1783475740024788702,4
935,32702297293,3997233488258,1783475740056868290,4
936,32735630626,3997265518148,1783475740088898148,4
937,32768963959,3997297518981,1783475740120898981,4
938,32802297292,3997329687883,1783475740153067883,4
939,32835630625,3997361636363,1783475740185016427,4
940,32868963958,3997393666349,1783475740217046381,4
941,32902297291,3997425615821,1783475740248995821,4
942,32935630624,3997457678480,1783475740281058480,4
943,32968963957,3997489697362,1783475740313077394,4
944,33002297290,3997521690483,1783475740345070483,4
945,33035630623,3997553811256,1783475740377191256,4
946,33068963956,3997585801337,1783475740409181305,4
947,33102297289,3997617813786,1783475740441193786,4
948,33135630622,3997649834332,1783475740473214364,4
949,33168963955,3997681913216,1783475740505293216,4
950,33202297288,3997713891264,1783475740537271264,4
951,33235630621,3997745965956,1783475740569345988,4
952,33268963954,3997778011654,1783475740601391686,4
953,33302297287,3997810049513,1783475740633429577,4
954,33335630620,3997842035914,1783475740665415946,4
955,33368963953,3997874121965,1783475740697501997,4
956,33402297286,3997906101390,1783475740729481454,4
957,33435630619,3997938138128,1783475740761518128,4
958,33468963952,3997970256533,1783475740793636533,4
959,33502297285,3998002186836,1783475740825566868,4
960,33535630618,3998034169301,1783475740857549301,4
961,33568963951,3998066353468,1783475740889733468,4
962,33602297284,3998098326492,1783475740921706428,4
963,33635630617,3998130449697,1783475740953829697,4
964,33668963950,3998162329695,1783475740985709663,4
965,33702297283,3998194224123,1783475741017604091,4
966,33735630616,3998226338973,1783475741049718973,4
967,33768963949,3998258344731,1783475741081724699,4
968,33802297282,3998290559615,1783475741113939647,4
969,33835630615,3998322487611,1783475741145867643,4
970,33868963948,3998354510297,1783475741177890265,4
971,33902297281,3998386428469,1783475741209808501,4
972,33935630614,3998418490676,1783475741241870708,4
973,33968963947,3998450585365,1783475741273965333,4
974,34002297280,3998482528625,1783475741305908625,4
975,34035630613,3998514600017,1783475741337980049,4
976,34068963946,3998546787029,1783475741370166997,4
977,34102297279,3998578841588,1783475741402221620,4
978,34135630612,3998610687213,1783475741434067181,4
979,34168963945,3998642689419,1783475741466069355,4
980,34202297278,3998674806765,1783475741498186797,4
981,34235630611,3998706802314,1783475741530182282,4
982,34268963944,3998738798856,1783475741562178888,4
983,34302297277,3998770928298,1783475741594308298,4
984,34335630610,3998802856422,1783475741626236390,4
985,34368963943,3998834967367,1783475741658347367,4
986,34402297276,3998867072680,1783475741690452712,4
987,34435630609,3998899028420,1783475741722408420,4
988,34468963942,3998931155462,1783475741754535398,4
989,34502297275,3998963022912,1783475741786402912,4
990,34535630608,3998995185763,1783475741818565795,4
991,34568963941,3999027250978,1783475741850630946,4
992,34602297274,3999059415333,1783475741882795301,4
993,34635630607,3999091174716,1783475741914554684,4
994,34668963940,3999123146777,1783475741946526809,4
995,34702297273,3999155251514,1783475741978631514,4
996,34735630606,3999187375963,1783475742010755963,4
997,34768963939,3999219342260,1783475742042722196,4
998,34802297272,3999251342063,1783475742074722063,4
999,34835630605,3999283310280,1783475742106690280,4
1000,34868963938,3999315272066,1783475742138652034,4
1001,34902297271,3999347404608,1783475742170784640,4
1002,34935630604,3999379556575,1783475742202936575,4
1003,34968963937,3999411396853,1783475742234776853,4
1004,35002297270,3999443490514,1783475742266870450,4
1005,35035630603,3999475659634,1783475742299039634,4
1006,35068963936,3999507639243,1783475742331019371,4
1007,35102297269,3999539452576,1783475742362832512,4
1008,35135630602,3999571711971,1783475742395092003,4
1009,35168963935,3999603713149,1783475742427093117,4
1010,35202297268,3999635604980,1783475742458985012,4
1011,35235630601,3999667721394,1783475742491101362,4
1012,35268963934,3999700049015,1783475742523429015,4
1013,35302297267,3999731710439,1783475742555090439,4
1014,35335630600,3999763870534,1783475742587250502,4
1015,35368963933,3999795814943,1783475742619194911,4
1016,35402297266,3999827944830,1783475742651324830,4
1017,35435630599,3999860125053,1783475742683505021,4
1018,35468963932,3999892284637,1783475742715664637,4
1019,35502297265,3999924111026,1783475742747491026,4
1020,35535630598,3999956074123,1783475742779454059,4
1021,35568963931,3999988220842,1783475742811600874,4
1022,35602297264,4000020106977,1783475742843486977,4
1023,35635630597,4000052139005,1783475742875519005,4
1024,35668963930,4000084053653,1783475742907433589,4
1025,35702297263,4000116196084,1783475742939576084,4
1026,35735630596,4000148199790,1783475742971579822,4
1027,35768963929,4000180262123,1783475743003642091,4
1028,35802297262,4000212130622,1783475743035510622,4
1029,35835630595,4000244253561,1783475743067633497,4
1030,35868963928,4000276231695,1783475743099611663,4
1031,35902297261,4000308325737,1783475743131705737,4
1032,35935630594,4000340456100,1783475743163836036,4
1033,35968963927,4000372513725,1783475743195893725,4
1034,36002297260,4000404415889,1783475743227795857,4
1035,36035630593,4000436458186,1783475743259838154,4
1036,36068963926,4000468542979,1783475743291922979,4
1037,36102297259,4000500563035,1783475743323943035,4
1038,36135630592,4000532476880,1783475743355856848,4
1039,36168963925,4000564553609,1783475743387933641,4
1040,36202297258,4000596515391,1783475743419895391,4
1041,36235630591,4000628548247,1783475743451928215,4
1042,36268963924,4000660591120,1783475743483971120,4
1043,36302297257,4000692653065,1783475743516033065,4
1044,36335630590,4000724667680,1783475743548047648,4
1045,36368963923,4000756675160,1783475743580055192,4
1046,36402297256,4000788713264,1783475743612093200,4
1047,36435630589,4000820899117,1783475743644279117,4
1048,36468963922,4000853280655,1783475743676660591,4
1049,36502297255,4000884877882,1783475743708257850,4
1050,36535630588,4000916769006,1783475743740149038,4
1051,36568963921,4000948783366,1783475743772163302,4
1052,36602297254,4000980911681,1783475743804291681,4
1053,36635630587,4001013023771,1783475743836403707,4
1054,36668963920,4001045145142,1783475743868525110,4
1055,36702297253,4001077007209,1783475743900387209,4
1056,36735630586,4001109087651,1783475743932467683,4
1057,36768963919,4001141082105,1783475743964462137,4
1058,36802297252,4001173070416,1783475743996450352,4
1059,36835630585,4001205102502,1783475744028482502,4
1060,36868963918,4001237124026,1783475744060504058,4
1061,36902297251,4001269168079,1783475744092548047,4
1062,36935630584,4001301352009,1783475744124732009,4
1063,36968963917,4001333274810,1783475744156654810,4
1064,37002297250,4001365431059,1783475744188811027,4
1065,37035630583,4001397473832,1783475744220853832,4
1066,37068963916,4001493502660,1783475744316882660,4
1067,37102297249,4001525341043,1783475744348721043,4
1068,37135630582,4001557398025,1783475744380777961,4
1069,37168963915,4001589504704,1783475744412884736,4
1070,37202297248,4001621531636,1783475744444911668,4
1071,37235630581,4001653458022,1783475744476837990,4
1072,37268963914,4001685547452,1783475744508927484,4
1073,37302297247,4001717614322,1783475744540994290,4
1074,37335630580,4001749572517,1783475744572952453,4
1075,37368963913,4001781633914,1783475744605013946,4
1076,37402297246,4001813912310,1783475744637292278,4
1077,37435630579,4001845839112,1783475744669219080,4
1078,37468963912,4001877675511,1783475744701055575,4
1079,37502297245,4001909719372,1783475744733099308,4
1080,37535630578,4001941694815,1783475744765074815,4
1081,37568963911,4001973820311,1783475744797200311,4
1082,37602297244,4002005740872,1783475744829120872,4
1083,37635630577,4002037855967,1783475744861235935,4
1084,37668963910,4002069913557,1783475744893293557,4
1085,37702297243,4002102035276,1783475744925415276,4
1086,37735630576,4002133879324,1783475744957259260,4
1087,37768963909,4002165935377,1783475744989315377,4
1088,37802297242,4002197908834,1783475745021288770,4
1089,37835630575,4002230050039,1783475745053430039,4
1090,37868963908,4002262196108,1783475745085576076,4
1091,37902297241,4002294087801,1783475745117467737,4
1092,37935630574,4002326161420,1783475745149541420,4
1093,37968963907,4002358206301,1783475745181586269,4
1094,38002297240,4002390214094,1783475745213594094,4
1095,38035630573,4002422165245,1783475745245545181,4
1096,38068963906,4002454681949,1783475745278061949,4
1097,38102297239,4002486012602,1783475745309392570,4
1098,38135630572,4002518257009,1783475745341636977,4
1099,38168963905,4002550248610,1783475745373628642,4
1100,38202297238,4002582363446,1783475745405743446,4
1101,38235630571,4002614366694,1783475745437746662,4
1102,38268963904,4002646331318,1783475745469711318,4
1103,38302297237,4002678396712,1783475745501776712,4
1104,38335630570,4002710412985,1783475745533792953,4
1105,38368963903,4002742563310,1783475745565943342,4
1106,38402297236,4002774577887,1783475745597957887,4
1107,38435630569,4002806664626,1783475745630044658,4
1108,38468963902,4002838688131,1783475745662068099,4
1109,38502297235,4002870617522,1783475745693997522,4
1110,38535630568,4002902600482,1783475745725980482,4
1111,38568963901,4002934572913,1783475745757952881,4
1112,38602297234,4002966765319,1783475745790145351,4
1113,38635630567,4002998624020,1783475745822004052,4
1114,38668963900,4003030737832,1783475745854117800,4
1115,38702297233,4003062757017,1783475745886137017,4
1116,38735630566,4003094808427,1783475745918188427,4
1117,38768963899,4003126729401,1783475745950109369,4
1118,38802297232,4003158832908,1783475745982212908,4
1119,38835630565,4003190855708,1783475746014235644,4
1120,38868963898,4003222887851,1783475746046267883,4
1121,38902297231,4003254958042,1783475746078337946,4
1122,38935630564,4003286953959,1783475746110333959,4
1123,38968963897,4003318960340,1783475746142340340,4
1124,39002297230,4003351031236,1783475746174411268,4
1125,39035630563,4003383025841,1783475746206405777,4
1126,39068963896,4003415058495,1783475746238438527,4
1127,39102297229,4003447024267,1783475746270404267,4
1128,39135630562,4003479160348,1783475746302540284,4
1129,39168963895,4003511075623,1783475746334455655,4
1130,39202297228,4003543215640,1783475746366595672,4
1131,39235630561,4003575293480,1783475746398673480,4
1132,39268963894,4003607251444,1783475746430631476,4
1133,39302297227,4003639294562,1783475746462674498,4
1134,39335630560,4003671245006,1783475746494625038,4
1135,39368963893,4003703341470,1783475746526721502,4
1136,39402297226,4003735520976,1783475746558900944,4
1137,39435630559,4003767464348,1783475746590844380,4
1138,39468963892,4003799375366,1783475746622755398,4
1139,39502297225,4003831602938,1783475746654982906,4
1140,39535630558,4003863655305,1783475746687035305,4
1141,39568963891,4003895500370,1783475746718880370,4
1142,39602297224,4003927478718,1783475746750858654,4
1143,39635630557,4003959539597,1783475746782919597,4
1144,39668963890,4003991511289,1783475746814891257,4
1145,39702297223,4004023522407,1783475746846902439,4
1146,39735630556,4004055568629,1783475746878948630,4
1147,39768963889,4004087672678,1783475746911052646,4
1148,39802297222,4004119599601,1783475746942979537,4
1149,39835630555,4004151707393,1783475746975087425,4
1150,39868963888,4004183844562,1783475747007224498,4
1151,39902297221,4004215743257,1783475747039123193,4
1152,39935630554,4004247815173,1783475747071195205,4
1153,39968963887,4004279961139,1783475747103341043,4
1154,40002297220,4004311968605,1783475747135348605,4
1155,40035630553,4004343842019,1783475747167222051,4
1156,40068963886,4004375987506,1783475747199367474,4
1157,40102297219,4004408059326,1783475747231439294,4
1158,40135630552,4004439981573,1783475747263361605,4
1159,40168963885,4004472084402,1783475747295464434,4
1160,40202297218,4004503993977,1783475747327373977,4
1161,40235630551,4004535997987,1783475747359377923,4
1162,40268963884,4004568111409,1783475747391491409,4
1163,40302297217,4004600180508,1783475747423560572,4
1164,40335630550,4004632158214,1783475747455538246,4
1165,40368963883,4004664210769,1783475747487590705,4
1166,40402297216,4004696413089,1783475747519793121,4
1167,40435630549,4004728344521,1783475747551724521,4
1168,40468963882,4004760458646,1783475747583838646,4
1169,40502297215,4004792227193,1783475747615607193,4
1170,40535630548,4004824427305,1783475747647807241,4
1171,40568963881,4004856561911,1783475747679941911,4
1172,40602297214,4004888489919,1783475747711869951,4
1173,40635630547,4004920369669,1783475747743749637,4
1174,40668963880,4004952340270,1783475747775720238,4
1175,40702297213,4004984591679,1783475747807971679,4
1176,40735630546,4005016719021,1783475747840098957,4
1177,40768963879,4005048657429,1783475747872037461,4
1178,40802297212,4005080719553,1783475747904099521,4
1179,40835630545,4005112700906,1783475747936080906,4
1180,40868963878,4005144795639,1783475747968175543,4
1181,40902297211,4005176756831,1783475748000136767,4
1182,40935630544,4005208808584,1783475748032188616,4
1183,40968963877,4005240669482,1783475748064049450,4
1184,41002297210,4005272876183,1783475748096256183,4
1185,41035630543,4005304726585,1783475748128106585,4
1186,41068963876,4005336844067,1783475748160224003,4
1187,41102297209,4005369023183,1783475748192403215,4
1188,41135630542,4005400900978,1783475748224280978,4
1189,41168963875,4005432987291,1783475748256367259,4
1190,41202297208,4005464925056,1783475748288305056,4
1191,41235630541,4005496963656,1783475748320343656,4
1192,41268963874,4005528907533,1783475748352287469,4
1193,41302297207,4005560988502,1783475748384368534,4
1194,41335630540,4005592985532,1783475748416365468,4
1195,41368963873,4005625267275,1783475748448647211,4
1196,41402297206,4005656858086,1783475748480238118,4
1197,41435630539,4005689236760,1783475748512616792,4
1198,41468963872,4005721109562,1783475748544489562,4
1199,41502297205,4005753306855,1783475748576686823,4
1200,41535630538,4005785167721,1783475748608547689,4
1201,41568963871,4005817407543,1783475748640787543,4
1202,41602297204,4005849300602,1783475748672680858,4
1203,41635630537,4005881369859,1783475748704749891,4
1204,41668963870,4005913360873,1783475748736740873,4
1205,41702297203,4005945314479,1783475748768694447,4
1206,41735630536,4005977446777,1783475748800826777,4
1207,41768963869,4006009441472,1783475748832821472,4
1208,41802297202,4006041418662,1783475748864798566,4
1209,41835630535,4006073383307,1783475748896763275,4
1210,41868963868,4006105536470,1783475748928916502,4
1211,41902297201,4006137545245,1783475748960925245,4
1212,41935630534,4006169497858,1783475748992877858,4
1213,41968963867,4006201534376,1783475749024914344,4
1214,42002297200,4006233664143,1783475749057044143,4
1215,42035630533,4006265726868,1783475749089106772,4
1216,42068963866,4006297791129,1783475749121171065,4
1217,42102297199,4006330045412,1783475749153425444,4
1218,42135630532,4006362062728,1783475749185442792,4
1219,42168963865,4006393895206,1783475749217275206,4
1220,42202297198,4006425931275,1783475749249311243,4
1221,42235630531,4006457742249,1783475749281122281,4
1222,42268963864,4006489792237,1783475749313172269,4
1223,42302297197,4006521825522,1783475749345205458,4
1224,42335630530,4006553963961,1783475749377343897,4
1225,42368963863,4006586009310,1783475749409389310,4
1226,42402297196,4006618225863,1783475749441605799,4
1227,42435630529,4006650109575,1783475749473489607,4
1228,42468963862,4006683203147,1783475749506583147,4
1229,42502297195,4006713599935,1783475749536979871,4
1230,42535630528,4006746237301,1783475749569617301,4
1231,42568963861,4006778265305,1783475749601645273,4
1232,42602297194,4006810276893,1783475749633656829,4
1233,42635630527,4006842418468,1783475749665798404,4
1234,42668963860,4006874335269,1783475749697715237,4
1235,42702297193,4006906408907,1783475749729788875,4
1236,42735630526,4006938323820,1783475749761703756,4
1237,42768963859,4006970467027,1783475749793846963,4
1238,42802297192,4007002409205,1783475749825789141,4
1239,42835630525,4007034483546,1783475749857863514,4
1240,42868963858,4007066581921,1783475749889961889,4
1241,42902297191,4007098550243,1783475749921930211,4
1242,42935630524,4007130466980,1783475749953846948,4
1243,42968963857,4007162551530,1783475749985931530,4
1244,43002297190,4007194557580,1783475750017937612,4
1245,43035630523,4007226691472,1783475750050071440,4
1246,43068963856,4007258877173,1783475750082257173,4
1247,43102297189,4007290700368,1783475750114080368,4
1248,43135630522,4007322605805,1783475750145985773,4
1249,43168963855,4007354674352,1783475750178054352,4
1250,43202297188,4007386668079,1783475750210048047,4
1251,43235630521,4007418609646,1783475750241989582,4
1252,43268963854,4007450765554,1783475750274145586,4
1253,43302297187,4007482700497,1783475750306080529,4
1254,43335630520,4007514778451,1783475750338158387,4
1255,43368963853,4007546843413,1783475750370223381,4
1256,43402297186,4007578852277,1783475750402232277,4
1257,43435630519,4007611075484,1783475750434455452,4
1258,43468963852,4007642841237,1783475750466221237,4
1259,43502297185,4007674967897,1783475750498347929,4
1260,43535630518,4007706924856,1783475750530304824,4
1261,43568963851,4007738965497,1783475750562345497,4
1262,43602297184,4007771004858,1783475750594384890,4
1263,43635630517,4007803065564,1783475750626445500,4
1264,43668963850,4007835003034,1783475750658383002,4
1265,43702297183,4007867259810,1783475750690639842,4
1266,43735630516,4007899286595,1783475750722666531,4
1267,43768963849,4007931073789,1783475750754453821,4
1268,43802297182,4007963294147,1783475750786674179,4
1269,43835630515,4007995169568,1783475750818549600,4
1270,43868963848,4008027169472,1783475750850549472,4
1271,43902297181,4008059321508,1783475750882701508,4
1272,43935630514,4008091313828,1783475750914693828,4
1273,43968963847,4008123248098,1783475750946628098,4
1274,44002297180,4008155319044,1783475750978699076,4
1275,44035630513,4008187474344,1783475751010854344,4
1276,44068963846,4008219363138,1783475751042743170,4
1277,44102297179,4008251339806,1783475751074719774,4
1278,44135630512,4008283661444,1783475751107041444,4
1279,44168963845,4008315517789,1783475751138897821,4
1280,44202297178,4008347515674,1783475751170895610,4
1281,44235630511,4008379580248,1783475751202960248,4
1282,44268963844,4008411652503,1783475751235032503,4
1283,44302297177,4008443507184,1783475751266887184,4
1284,44335630510,4008475658321,1783475751299038321,4
1285,44368963843,4008507701007,1783475751331081039,4
1286,44402297176,4008539719149,1783475751363099149,4
1287,44435630509,4008571767883,1783475751395147819,4
1288,44468963842,4008603886731,1783475751427266763,4
1289,44502297175,4008635797445,1783475751459177477,4
1290,44535630508,4008659718361,1783475751483098361,4
